,0,1,2,3,4,5,6,7,8,9,10,11,12,13,14,15,16,17,18,19,20,21,22,23,24,25,26,27,28,29,30,31,32,33,34,35,36,37,38,39,40,41,42,43,44,45,46,47,48,49,50,51,52,53,54,55,56,57,58,59,60,61,62,63,64,65,66,67,68,69,70,71,72,73,74,75,76,77,78,79,80,81,82,83,84,85,86,87,88,89,90,91,92,93,94,95,96,97,98,99,100,101,102,103,104,105,106,107,108,109,110,111,112,113,114,115,116,117,118,119,120,121,122,123,124,125,126,127,128,129,130,131,132,133,134,135,136,137,138,139,140,141,142,143,144
0,Start:,2022/11/16 14:42:44,,,,,,,,,,,,,,,,,,,,,,,,,,,,,,,,,,,,,,,,,,,,,,,,,,,,,,,,,,,,,,,,,,,,,,,,,,,,,,,,,,,,,,,,,,,,,,,,,,,,,,,,,,,,,,,,,,,,,,,,,,,,,,,,,,,,,,,,,,,,,,,
1,1. ATC_CONNECT_TESTER,Serial number: IQ1604D0045X,Model number: IQXEL-M8W7G,Firmware revision: 1.24.0,Test time: 0.67sec,,,,,,,,,,,,,,,,,,,,,,,,,,,,,,,,,,,,,,,,,,,,,,,,,,,,,,,,,,,,,,,,,,,,,,,,,,,,,,,,,,,,,,,,,,,,,,,,,,,,,,,,,,,,,,,,,,,,,,,,,,,,,,,,,,,,,,,,,,,,
2,2. ATC_INSERT_DUT,Technology: WIFI,DUT DLL: BRCM6715_6G.dll,DUT_VERSION=1.0.7 (2022-09-15),Test time: 0.31sec,,,,,,,,,,,,,,,,,,,,,,,,,,,,,,,,,,,,,,,,,,,,,,,,,,,,,,,,,,,,,,,,,,,,,,,,,,,,,,,,,,,,,,,,,,,,,,,,,,,,,,,,,,,,,,,,,,,,,,,,,,,,,,,,,,,,,,,,,,,,
3,3. ATC_INITIALIZE_DUT,Technology: WIFI,DUT_NAME=Brcm AP 6715 6G DLL,DUT_DRIVER_INFO=17.10.188.6401,Test time: 3.45sec,,,,,,,,,,,,,,,,,,,,,,,,,,,,,,,,,,,,,,,,,,,,,,,,,,,,,,,,,,,,,,,,,,,,,,,,,,,,,,,,,,,,,,,,,,,,,,,,,,,,,,,,,,,,,,,,,,,,,,,,,,,,,,,,,,,,,,,,,,,,
4,4. ATC_TESTER_OBTAIN_CONTROL,Test time: 0.00sec,,,,,,,,,,,,,,,,,,,,,,,,,,,,,,,,,,,,,,,,,,,,,,,,,,,,,,,,,,,,,,,,,,,,,,,,,,,,,,,,,,,,,,,,,,,,,,,,,,,,,,,,,,,,,,,,,,,,,,,,,,,,,,,,,,,,,,,,,,,,,,,
5,5. WIFI_RX_CALIBRATION,Freq: 2437 MHz,Rx Gain Err: 0      0      0      0,RSSI:        -73.00 -72.00 -71.00 -71.00,Diff value:  -3.00  -2.00  -1.00  -1.00,-------------------------------------------,Final Gain Error: 0, 0, 0, 0,Calibration Done.,Test time: 2.55sec,,,,,,,,,,,,,,,,,,,,,,,,,,,,,,,,,,,,,,,,,,,,,,,,,,,,,,,,,,,,,,,,,,,,,,,,,,,,,,,,,,,,,,,,,,,,,,,,,,,,,,,,,,,,,,,,,,,,,,,,,,,,,,,,,,,,,
6,6. WIFI_TX_CALIBRATION,Calibration TX Power:,Rate                Ant     Target  Actual  Diff,--------------------------------------------------,MCS11_HE_SU20_2437  ANT_1   18.5    19.514  1.014,MCS11_HE_SU20_2437  ANT_2   18.5    19.691  1.191,MCS11_HE_SU20_2437  ANT_3   18.5    19.858  1.358,MCS11_HE_SU20_2437  ANT_4   18.5    20.971  2.471,CCK-11_2437         ANT_1   23.0            1.014,CCK-11_2437         ANT_2   23.0            1.191,CCK-11_2437         ANT_3   23.0            1.358,CCK-11_2437         ANT_4   23.0            2.471,MCS11_HE_SU40_2437  ANT_1   18.0            1.014,MCS11_HE_SU40_2437  ANT_2   18.0            1.191,MCS11_HE_SU40_2437  ANT_3   18.0            1.358,MCS11_HE_SU40_2437  ANT_4   18.0            2.471,Verify TX Power:,Rate                Ant     Target  Actual,------------------------------------------,MCS11_HE_SU20_2437  ANT_1   18.5    18.465,MCS11_HE_SU20_2437  ANT_2   18.5    18.344,MCS11_HE_SU20_2437  ANT_3   18.5    18.316,MCS11_HE_SU20_2437  ANT_4   18.5    18.224,CCK-11_2437         ANT_1   23.0    22.417,CCK-11_2437         ANT_2   23.0    22.675,CCK-11_2437         ANT_3   23.0    22.353,CCK-11_2437         ANT_4   23.0    22.338,MCS11_HE_SU40_2437  ANT_1   18.0    17.738,MCS11_HE_SU40_2437  ANT_2   18.0    17.791,MCS11_HE_SU40_2437  ANT_3   18.0    17.710,MCS11_HE_SU40_2437  ANT_4   18.0    17.843,Calibration Done.,Test time: 25.46sec,,,,,,,,,,,,,,,,,,,,,,,,,,,,,,,,,,,,,,,,,,,,,,,,,,,,,,,,,,,,,,,,,,,,,,,,,,,,,,,,,,,,,,,,,,,,,,,,,,,,,,,,,,,,,,,,
7,7. WIFI_TX_VERIFY_ALL,Frequency: 2412, Data Rate: HT_MF-MCS0, Bandwidth: BW-20, Antenna: ANT_1, Tx Power: 23.0,Power               22.614 dBm          (24.5 ~ 21.5)       <-- pass,Mask Margin,Frequency           -79.980 MHz         Margin    17.268 dB  -63.270 dBr(-40.000 ~ -99.000)  <-- pass,Frequency           -29.355 MHz         Margin    18.386 dB  -68.408 dBr(-28.000 ~ -99.000)  <-- pass,Frequency           -11.016 MHz         Margin    14.363 dB  -36.561 dBr(-20.000 ~ -99.000)  <-- pass,Frequency           -9.990 MHz          Margin    11.648 dB  -24.039 dBr(0.000 ~ -99.000)  <-- pass,Frequency           10.488 MHz          Margin    10.380 dB  -26.757 dBr(0.000 ~ -99.000)  <-- pass,Frequency           18.428 MHz          Margin    9.606 dB  -39.279 dBr(-20.000 ~ -99.000)  <-- pass,Frequency           27.129 MHz          Margin    5.135 dB  -48.700 dBr(-28.000 ~ -99.000)  <-- pass,Frequency           39.023 MHz          Margin    10.222 dB  -60.310 dBr(-40.000 ~ -99.000)  <-- pass,EVM                 -16.991 dB          (-5.0 ~ -80.0)      <-- pass,Freq Error          -0.707 ppm          (20.0 ~ -20.0)      <-- pass,Spectrum Mask       0.000 %             (2.0 ~ 0.0)         <-- pass,Test time: 2.09sec,,,,,,,,,,,,,,,,,,,,,,,,,,,,,,,,,,,,,,,,,,,,,,,,,,,,,,,,,,,,,,,,,,,,,,,,,,,,,,,,,,,,,,,,,,,,,,,,,,,,,,,,,,,,,,,,,,,,,,,,,,,,,
8,8. WIFI_TX_VERIFY_ALL,Frequency: 2412, Data Rate: HT_MF-MCS0, Bandwidth: BW-20, Antenna: ANT_2, Tx Power: 23.0,Power               22.111 dBm          (24.5 ~ 21.5)       <-- pass,Mask Margin,Frequency           -69.287 MHz         Margin    16.118 dB  -66.350 dBr(-40.000 ~ -99.000)  <-- pass,Frequency           -29.883 MHz         Margin    19.113 dB  -64.048 dBr(-28.000 ~ -99.000)  <-- pass,Frequency           -11.016 MHz         Margin    13.781 dB  -34.476 dBr(-20.000 ~ -99.000)  <-- pass,Frequency           -10.283 MHz         Margin    11.562 dB  -25.033 dBr(0.000 ~ -99.000)  <-- pass,Frequency           10.635 MHz          Margin    11.381 dB  -28.723 dBr(0.000 ~ -99.000)  <-- pass,Frequency           18.398 MHz          Margin    10.242 dB  -39.673 dBr(-20.000 ~ -99.000)  <-- pass,Frequency           26.807 MHz          Margin    4.549 dB  -49.479 dBr(-28.000 ~ -99.000)  <-- pass,Frequency           31.465 MHz          Margin    9.145 dB  -57.233 dBr(-40.000 ~ -99.000)  <-- pass,EVM                 -16.615 dB          (-5.0 ~ -80.0)      <-- pass,Freq Error          -0.710 ppm          (20.0 ~ -20.0)      <-- pass,Spectrum Mask       0.000 %             (2.0 ~ 0.0)         <-- pass,Test time: 1.87sec,,,,,,,,,,,,,,,,,,,,,,,,,,,,,,,,,,,,,,,,,,,,,,,,,,,,,,,,,,,,,,,,,,,,,,,,,,,,,,,,,,,,,,,,,,,,,,,,,,,,,,,,,,,,,,,,,,,,,,,,,,,,,
9,9. WIFI_TX_VERIFY_ALL,Frequency: 2412, Data Rate: HT_MF-MCS0, Bandwidth: BW-20, Antenna: ANT_3, Tx Power: 23.0,Power               21.849 dBm          (24.5 ~ 21.5)       <-- pass,Mask Margin,Frequency           -66.416 MHz         Margin    16.438 dB  -65.359 dBr(-40.000 ~ -99.000)  <-- pass,Frequency           -29.795 MHz         Margin    19.879 dB  -63.993 dBr(-28.000 ~ -99.000)  <-- pass,Frequency           -11.250 MHz         Margin    15.723 dB  -40.201 dBr(-20.000 ~ -99.000)  <-- pass,Frequency           -10.166 MHz         Margin    12.431 dB  -24.585 dBr(0.000 ~ -99.000)  <-- pass,Frequency           10.957 MHz          Margin    9.160 dB  -31.444 dBr(0.000 ~ -99.000)  <-- pass,Frequency           19.072 MHz          Margin    8.978 dB  -38.244 dBr(-20.000 ~ -99.000)  <-- pass,Frequency           27.246 MHz          Margin    5.053 dB  -48.714 dBr(-28.000 ~ -99.000)  <-- pass,Frequency           31.904 MHz          Margin    9.214 dB  -54.882 dBr(-40.000 ~ -99.000)  <-- pass,EVM                 -17.022 dB          (-5.0 ~ -80.0)      <-- pass,Freq Error          -0.733 ppm          (20.0 ~ -20.0)      <-- pass,Spectrum Mask       0.000 %             (2.0 ~ 0.0)         <-- pass,Test time: 1.86sec,,,,,,,,,,,,,,,,,,,,,,,,,,,,,,,,,,,,,,,,,,,,,,,,,,,,,,,,,,,,,,,,,,,,,,,,,,,,,,,,,,,,,,,,,,,,,,,,,,,,,,,,,,,,,,,,,,,,,,,,,,,,,
10,10. WIFI_TX_VERIFY_ALL,Frequency: 2412, Data Rate: HT_MF-MCS0, Bandwidth: BW-20, Antenna: ANT_4, Tx Power: 23.0,Power               22.246 dBm          (24.5 ~ 21.5)       <-- pass,Mask Margin,Frequency           -55.781 MHz         Margin    16.156 dB  -62.083 dBr(-40.000 ~ -99.000)  <-- pass,Frequency           -29.912 MHz         Margin    18.410 dB  -64.152 dBr(-28.000 ~ -99.000)  <-- pass,Frequency           -11.016 MHz         Margin    13.237 dB  -34.123 dBr(-20.000 ~ -99.000)  <-- pass,Frequency           -10.635 MHz         Margin    12.287 dB  -27.656 dBr(0.000 ~ -99.000)  <-- pass,Frequency           10.283 MHz          Margin    10.386 dB  -24.380 dBr(0.000 ~ -99.000)  <-- pass,Frequency           19.658 MHz          Margin    10.011 dB  -38.589 dBr(-20.000 ~ -99.000)  <-- pass,Frequency           26.250 MHz          Margin    4.811 dB  -44.835 dBr(-28.000 ~ -99.000)  <-- pass,Frequency           38.350 MHz          Margin    10.724 dB  -58.300 dBr(-40.000 ~ -99.000)  <-- pass,EVM                 -16.798 dB          (-5.0 ~ -80.0)      <-- pass,Freq Error          -0.757 ppm          (20.0 ~ -20.0)      <-- pass,Spectrum Mask       0.000 %             (2.0 ~ 0.0)         <-- pass,Test time: 1.87sec,,,,,,,,,,,,,,,,,,,,,,,,,,,,,,,,,,,,,,,,,,,,,,,,,,,,,,,,,,,,,,,,,,,,,,,,,,,,,,,,,,,,,,,,,,,,,,,,,,,,,,,,,,,,,,,,,,,,,,,,,,,,,
11,11. WIFI_TX_VERIFY_ALL,Frequency: 2452, Data Rate: HE_SU-MCS11, Bandwidth: BW-40, Antenna: ANT_1, Tx Power: 18.5,Power               18.753 dBm          (20.0 ~ 17.0)       <-- pass,Mask Margin,Frequency           -60.586 MHz         Margin    18.358 dB  -60.947 dBr(-40.000 ~ -99.000)  <-- pass,Frequency           -45.264 MHz         Margin    13.042 dB  -44.347 dBr(-28.000 ~ -99.000)  <-- pass,Frequency           -38.760 MHz         Margin    14.726 dB  -41.834 dBr(-20.000 ~ -99.000)  <-- pass,Frequency           -20.479 MHz         Margin    15.623 dB  -34.333 dBr(0.000 ~ -99.000)  <-- pass,Frequency           20.479 MHz          Margin    14.156 dB  -33.997 dBr(0.000 ~ -99.000)  <-- pass,Frequency           20.508 MHz          Margin    14.479 dB  -34.766 dBr(-20.000 ~ -99.000)  <-- pass,Frequency           59.590 MHz          Margin    20.164 dB  -62.198 dBr(-28.000 ~ -99.000)  <-- pass,Frequency           85.020 MHz          Margin    18.992 dB  -62.658 dBr(-40.000 ~ -99.000)  <-- pass,EVM                 -42.146 dB          (-35.0 ~ -80.0)     <-- pass,Freq Error          -0.760 ppm          (20.0 ~ -20.0)      <-- pass,Spectrum Mask       0.000 %             (2.0 ~ 0.0)         <-- pass,Test time: 1.94sec,,,,,,,,,,,,,,,,,,,,,,,,,,,,,,,,,,,,,,,,,,,,,,,,,,,,,,,,,,,,,,,,,,,,,,,,,,,,,,,,,,,,,,,,,,,,,,,,,,,,,,,,,,,,,,,,,,,,,,,,,,,,,
12,12. WIFI_TX_VERIFY_ALL,Frequency: 2452, Data Rate: HE_SU-MCS11, Bandwidth: BW-40, Antenna: ANT_2, Tx Power: 18.5,Power               18.617 dBm          (20.0 ~ 17.0)       <-- pass,Mask Margin,Frequency           -79.863 MHz         Margin    19.000 dB  -62.687 dBr(-40.000 ~ -99.000)  <-- pass,Frequency           -50.361 MHz         Margin    12.645 dB  -47.817 dBr(-28.000 ~ -99.000)  <-- pass,Frequency           -20.508 MHz         Margin    14.595 dB  -35.045 dBr(-20.000 ~ -99.000)  <-- pass,Frequency           -20.479 MHz         Margin    14.999 dB  -35.100 dBr(0.000 ~ -99.000)  <-- pass,Frequency           20.479 MHz          Margin    14.317 dB  -35.023 dBr(0.000 ~ -99.000)  <-- pass,Frequency           20.508 MHz          Margin    14.216 dB  -35.578 dBr(-20.000 ~ -99.000)  <-- pass,Frequency           58.799 MHz          Margin    20.801 dB  -65.328 dBr(-28.000 ~ -99.000)  <-- pass,Frequency           64.482 MHz          Margin    18.959 dB  -64.458 dBr(-40.000 ~ -99.000)  <-- pass,EVM                 -41.768 dB          (-35.0 ~ -80.0)     <-- pass,Freq Error          -0.773 ppm          (20.0 ~ -20.0)      <-- pass,Spectrum Mask       0.000 %             (2.0 ~ 0.0)         <-- pass,Test time: 1.84sec,,,,,,,,,,,,,,,,,,,,,,,,,,,,,,,,,,,,,,,,,,,,,,,,,,,,,,,,,,,,,,,,,,,,,,,,,,,,,,,,,,,,,,,,,,,,,,,,,,,,,,,,,,,,,,,,,,,,,,,,,,,,,
13,13. WIFI_TX_VERIFY_ALL,Frequency: 2452, Data Rate: HE_SU-MCS11, Bandwidth: BW-40, Antenna: ANT_3, Tx Power: 18.5,Power               18.579 dBm          (20.0 ~ 17.0)       <-- pass,Mask Margin,Frequency           -68.496 MHz         Margin    18.844 dB  -63.535 dBr(-40.000 ~ -99.000)  <-- pass,Frequency           -51.299 MHz         Margin    13.966 dB  -48.107 dBr(-28.000 ~ -99.000)  <-- pass,Frequency           -20.508 MHz         Margin    15.147 dB  -34.815 dBr(-20.000 ~ -99.000)  <-- pass,Frequency           -20.479 MHz         Margin    15.470 dB  -34.836 dBr(0.000 ~ -99.000)  <-- pass,Frequency           20.479 MHz          Margin    13.988 dB  -33.672 dBr(0.000 ~ -99.000)  <-- pass,Frequency           20.508 MHz          Margin    14.377 dB  -34.421 dBr(-20.000 ~ -99.000)  <-- pass,Frequency           58.945 MHz          Margin    20.451 dB  -61.055 dBr(-28.000 ~ -99.000)  <-- pass,Frequency           60.029 MHz          Margin    18.979 dB  -60.335 dBr(-40.000 ~ -99.000)  <-- pass,EVM                 -41.542 dB          (-35.0 ~ -80.0)     <-- pass,Freq Error          -0.787 ppm          (20.0 ~ -20.0)      <-- pass,Spectrum Mask       0.000 %             (2.0 ~ 0.0)         <-- pass,Test time: 1.81sec,,,,,,,,,,,,,,,,,,,,,,,,,,,,,,,,,,,,,,,,,,,,,,,,,,,,,,,,,,,,,,,,,,,,,,,,,,,,,,,,,,,,,,,,,,,,,,,,,,,,,,,,,,,,,,,,,,,,,,,,,,,,,
14,14. WIFI_TX_VERIFY_ALL,Frequency: 2452, Data Rate: HE_SU-MCS11, Bandwidth: BW-40, Antenna: ANT_4, Tx Power: 18.5,Power               18.381 dBm          (20.0 ~ 17.0)       <-- pass,Mask Margin,Frequency           -60.000 MHz         Margin    18.923 dB  -62.181 dBr(-40.000 ~ -99.000)  <-- pass,Frequency           -51.299 MHz         Margin    15.062 dB  -53.867 dBr(-28.000 ~ -99.000)  <-- pass,Frequency           -20.508 MHz         Margin    14.831 dB  -34.553 dBr(-20.000 ~ -99.000)  <-- pass,Frequency           -20.479 MHz         Margin    15.328 dB  -34.623 dBr(0.000 ~ -99.000)  <-- pass,Frequency           20.479 MHz          Margin    15.314 dB  -34.315 dBr(0.000 ~ -99.000)  <-- pass,Frequency           20.508 MHz          Margin    15.507 dB  -34.860 dBr(-20.000 ~ -99.000)  <-- pass,Frequency           59.209 MHz          Margin    20.143 dB  -61.599 dBr(-28.000 ~ -99.000)  <-- pass,Frequency           60.615 MHz          Margin    18.311 dB  -63.368 dBr(-40.000 ~ -99.000)  <-- pass,EVM                 -41.146 dB          (-35.0 ~ -80.0)     <-- pass,Freq Error          -0.803 ppm          (20.0 ~ -20.0)      <-- pass,Spectrum Mask       0.000 %             (2.0 ~ 0.0)         <-- pass,Test time: 1.84sec,,,,,,,,,,,,,,,,,,,,,,,,,,,,,,,,,,,,,,,,,,,,,,,,,,,,,,,,,,,,,,,,,,,,,,,,,,,,,,,,,,,,,,,,,,,,,,,,,,,,,,,,,,,,,,,,,,,,,,,,,,,,,
15,15. WIFI_RX_VERIFY_PER,Frequency: 2412, Data Rate: HT_MF-MCS0, Bandwidth: BW-20, Antenna: ANT_1, Rx Power: -92.0,PER                 0.000 %             (10.0 ~ 0.0)        <-- pass,Test time: 2.59sec,,,,,,,,,,,,,,,,,,,,,,,,,,,,,,,,,,,,,,,,,,,,,,,,,,,,,,,,,,,,,,,,,,,,,,,,,,,,,,,,,,,,,,,,,,,,,,,,,,,,,,,,,,,,,,,,,,,,,,,,,,,,,,,,,,,,,,,,,
16,16. WIFI_RX_VERIFY_PER,Frequency: 2412, Data Rate: HT_MF-MCS0, Bandwidth: BW-20, Antenna: ANT_2, Rx Power: -92.0,PER                 0.000 %             (10.0 ~ 0.0)        <-- pass,Test time: 2.44sec,,,,,,,,,,,,,,,,,,,,,,,,,,,,,,,,,,,,,,,,,,,,,,,,,,,,,,,,,,,,,,,,,,,,,,,,,,,,,,,,,,,,,,,,,,,,,,,,,,,,,,,,,,,,,,,,,,,,,,,,,,,,,,,,,,,,,,,,,
17,17. WIFI_RX_VERIFY_PER,Frequency: 2412, Data Rate: HT_MF-MCS0, Bandwidth: BW-20, Antenna: ANT_3, Rx Power: -92.0,PER                 0.200 %             (10.0 ~ 0.0)        <-- pass,Test time: 2.44sec,,,,,,,,,,,,,,,,,,,,,,,,,,,,,,,,,,,,,,,,,,,,,,,,,,,,,,,,,,,,,,,,,,,,,,,,,,,,,,,,,,,,,,,,,,,,,,,,,,,,,,,,,,,,,,,,,,,,,,,,,,,,,,,,,,,,,,,,,
18,18. WIFI_RX_VERIFY_PER,Frequency: 2412, Data Rate: HT_MF-MCS0, Bandwidth: BW-20, Antenna: ANT_4, Rx Power: -92.0,PER                 0.000 %             (10.0 ~ 0.0)        <-- pass,Test time: 2.44sec,,,,,,,,,,,,,,,,,,,,,,,,,,,,,,,,,,,,,,,,,,,,,,,,,,,,,,,,,,,,,,,,,,,,,,,,,,,,,,,,,,,,,,,,,,,,,,,,,,,,,,,,,,,,,,,,,,,,,,,,,,,,,,,,,,,,,,,,,
19,19. WIFI_RX_VERIFY_PER,Frequency: 2452, Data Rate: HE_SU-MCS11, Bandwidth: BW-40, Antenna: ANT_1, Rx Power: -60.0,PER                 0.000 %             (10.0 ~ 0.0)        <-- pass,Test time: 1.89sec,,,,,,,,,,,,,,,,,,,,,,,,,,,,,,,,,,,,,,,,,,,,,,,,,,,,,,,,,,,,,,,,,,,,,,,,,,,,,,,,,,,,,,,,,,,,,,,,,,,,,,,,,,,,,,,,,,,,,,,,,,,,,,,,,,,,,,,,,
20,20. WIFI_RX_VERIFY_PER,Frequency: 2452, Data Rate: HE_SU-MCS11, Bandwidth: BW-40, Antenna: ANT_2, Rx Power: -60.0,PER                 0.000 %             (10.0 ~ 0.0)        <-- pass,Test time: 1.77sec,,,,,,,,,,,,,,,,,,,,,,,,,,,,,,,,,,,,,,,,,,,,,,,,,,,,,,,,,,,,,,,,,,,,,,,,,,,,,,,,,,,,,,,,,,,,,,,,,,,,,,,,,,,,,,,,,,,,,,,,,,,,,,,,,,,,,,,,,
21,21. WIFI_RX_VERIFY_PER,Frequency: 2452, Data Rate: HE_SU-MCS11, Bandwidth: BW-40, Antenna: ANT_3, Rx Power: -60.0,PER                 0.000 %             (10.0 ~ 0.0)        <-- pass,Test time: 1.77sec,,,,,,,,,,,,,,,,,,,,,,,,,,,,,,,,,,,,,,,,,,,,,,,,,,,,,,,,,,,,,,,,,,,,,,,,,,,,,,,,,,,,,,,,,,,,,,,,,,,,,,,,,,,,,,,,,,,,,,,,,,,,,,,,,,,,,,,,,
22,22. WIFI_RX_VERIFY_PER,Frequency: 2452, Data Rate: HE_SU-MCS11, Bandwidth: BW-40, Antenna: ANT_4, Rx Power: -60.0,PER                 0.000 %             (10.0 ~ 0.0)        <-- pass,Test time: 1.77sec,,,,,,,,,,,,,,,,,,,,,,,,,,,,,,,,,,,,,,,,,,,,,,,,,,,,,,,,,,,,,,,,,,,,,,,,,,,,,,,,,,,,,,,,,,,,,,,,,,,,,,,,,,,,,,,,,,,,,,,,,,,,,,,,,,,,,,,,,
23,23. WIFI_RX_VERIFY_PER,Frequency: 2412, Data Rate: HT_MF-MCS0, Bandwidth: BW-20, Antenna: ANT_1, Rx Power: -25.0,PER                 0.000 %             (10.0 ~ 0.0)        <-- pass,Test time: 2.59sec,,,,,,,,,,,,,,,,,,,,,,,,,,,,,,,,,,,,,,,,,,,,,,,,,,,,,,,,,,,,,,,,,,,,,,,,,,,,,,,,,,,,,,,,,,,,,,,,,,,,,,,,,,,,,,,,,,,,,,,,,,,,,,,,,,,,,,,,,
24,24. WIFI_RX_VERIFY_PER,Frequency: 2412, Data Rate: HT_MF-MCS0, Bandwidth: BW-20, Antenna: ANT_2, Rx Power: -25.0,PER                 0.000 %             (10.0 ~ 0.0)        <-- pass,Test time: 2.44sec,,,,,,,,,,,,,,,,,,,,,,,,,,,,,,,,,,,,,,,,,,,,,,,,,,,,,,,,,,,,,,,,,,,,,,,,,,,,,,,,,,,,,,,,,,,,,,,,,,,,,,,,,,,,,,,,,,,,,,,,,,,,,,,,,,,,,,,,,
25,25. WIFI_RX_VERIFY_PER,Frequency: 2412, Data Rate: HT_MF-MCS0, Bandwidth: BW-20, Antenna: ANT_3, Rx Power: -25.0,PER                 0.000 %             (10.0 ~ 0.0)        <-- pass,Test time: 2.44sec,,,,,,,,,,,,,,,,,,,,,,,,,,,,,,,,,,,,,,,,,,,,,,,,,,,,,,,,,,,,,,,,,,,,,,,,,,,,,,,,,,,,,,,,,,,,,,,,,,,,,,,,,,,,,,,,,,,,,,,,,,,,,,,,,,,,,,,,,
26,26. WIFI_RX_VERIFY_PER,Frequency: 2412, Data Rate: HT_MF-MCS0, Bandwidth: BW-20, Antenna: ANT_4, Rx Power: -25.0,PER                 0.000 %             (10.0 ~ 0.0)        <-- pass,Test time: 2.44sec,,,,,,,,,,,,,,,,,,,,,,,,,,,,,,,,,,,,,,,,,,,,,,,,,,,,,,,,,,,,,,,,,,,,,,,,,,,,,,,,,,,,,,,,,,,,,,,,,,,,,,,,,,,,,,,,,,,,,,,,,,,,,,,,,,,,,,,,,
27,27. WIFI_IMPLICIT_BEAMFORMING_CAL_VER,Tx Frequency: 2442, Data Rate: VHT-MCS0, Bandwidth: BW-20, Antenna: ANT_1234, Tx Power: 10.0,Rx Frequency: 2442, Data Rate: VHT-MCS0, Bandwidth: BW-20, Antenna: ANT_1234, Rx Power: -55.0,rPcal: 0x94cd,rPcal_core3: 0x007f,TxBF Cal            0.000               (0.0 ~ 0.0)         <-- pass,Rx Frequency: 2442, Data Rate: VHT-MCS0, Bandwidth: BW-20, Antenna: ANT_1234, Rx Power: -55.0,Tx Frequency: 2442, Data Rate: VHT-MCS0, Bandwidth: BW-20, Antenna: ANT_1234, Tx Power: 10.0,Power Diff          7.365 dBm           (15.0 ~ 4.0)        <-- pass,Test time: 7.75sec,,,,,,,,,,,,,,,,,,,,,,,,,,,,,,,,,,,,,,,,,,,,,,,,,,,,,,,,,,,,,,,,,,,,,,,,,,,,,,,,,,,,,,,,,,,,,,,,,,,,,,,,,,,,,,,,,,,,,,,
28,28. ATC_WRITE_EEPROM,Test time: 0.19sec,,,,,,,,,,,,,,,,,,,,,,,,,,,,,,,,,,,,,,,,,,,,,,,,,,,,,,,,,,,,,,,,,,,,,,,,,,,,,,,,,,,,,,,,,,,,,,,,,,,,,,,,,,,,,,,,,,,,,,,,,,,,,,,,,,,,,,,,,,,,,,,
29,29. ATC_REMOVE_DUT,Remove DUT (Technology: WIFI),Test time: 0.00sec,,,,,,,,,,,,,,,,,,,,,,,,,,,,,,,,,,,,,,,,,,,,,,,,,,,,,,,,,,,,,,,,,,,,,,,,,,,,,,,,,,,,,,,,,,,,,,,,,,,,,,,,,,,,,,,,,,,,,,,,,,,,,,,,,,,,,,,,,,,,,,
30,30. ATC_INSERT_DUT,Technology: WIFI,DUT DLL: BRCM6715_6G.dll,DUT_VERSION=1.0.7 (2022-09-15),Test time: 0.33sec,,,,,,,,,,,,,,,,,,,,,,,,,,,,,,,,,,,,,,,,,,,,,,,,,,,,,,,,,,,,,,,,,,,,,,,,,,,,,,,,,,,,,,,,,,,,,,,,,,,,,,,,,,,,,,,,,,,,,,,,,,,,,,,,,,,,,,,,,,,,
31,31. ATC_INITIALIZE_DUT,Technology: WIFI,DUT_NAME=Brcm AP 6715 6G DLL,DUT_DRIVER_INFO=17.10.188.6401,Test time: 3.44sec,,,,,,,,,,,,,,,,,,,,,,,,,,,,,,,,,,,,,,,,,,,,,,,,,,,,,,,,,,,,,,,,,,,,,,,,,,,,,,,,,,,,,,,,,,,,,,,,,,,,,,,,,,,,,,,,,,,,,,,,,,,,,,,,,,,,,,,,,,,,
32,32. WIFI_RX_CALIBRATION,Freq: 5200 MHz,Rx Gain Err: 0      0      0      0,RSSI:        -66.00 -67.00 -67.00 -67.00,Diff value:  4.00   3.00   3.00   3.00,-------------------------------------------,Rx Gain Err: 8      6      6      6,RSSI:        -70.00 -70.00 -70.00 -70.00,Diff value:  0.00   0.00   0.00   0.00,-------------------------------------------,Final Gain Error: 8, 30, 30, 30,=====================================================,Freq: 5300 MHz,Rx Gain Err: 0      0      0      0,RSSI:        -66.00 -67.00 -66.00 -68.00,Diff value:  4.00   3.00   4.00   2.00,-------------------------------------------,Rx Gain Err: 8      6      8      4,RSSI:        -70.00 -70.00 -71.00 -70.00,Diff value:  0.00   0.00   -1.00  0.00,-------------------------------------------,Final Gain Error: 8, 30, 0, 28,=====================================================,Freq: 5560 MHz,Rx Gain Err: 0      0      0      0,RSSI:        -72.00 -69.00 -69.00 -72.00,Diff value:  -2.00  1.00   1.00   -2.00,-------------------------------------------,Final Gain Error: 0, 0, 0, 0,=====================================================,Freq: 5765 MHz,Rx Gain Err: 0      0      0      0,RSSI:        -73.00 -71.00 -71.00 -74.00,Diff value:  -3.00  -1.00  -1.00  -4.00,-------------------------------------------,Rx Gain Err: -6     -2     -2     -8,RSSI:        -70.00 -70.00 -70.00 -70.00,Diff value:  0.00   0.00   0.00   0.00,-------------------------------------------,Final Gain Error: 58, 4, 4, 30,Calibration Done.,Test time: 14.93sec,,,,,,,,,,,,,,,,,,,,,,,,,,,,,,,,,,,,,,,,,,,,,,,,,,,,,,,,,,,,,,,,,,,,,,,,,,,,,,,,,,,,,,,,,,,
33,33. WIFI_TX_CALIBRATION,Calibration TX Power:,Rate                Ant     Target  Actual  Diff,--------------------------------------------------,MCS11_HE_SU20_5200  ANT_1   17.5    19.902  2.402,MCS11_HE_SU20_5200  ANT_2   17.5    18.847  1.347,MCS11_HE_SU20_5200  ANT_3   17.5    18.285  0.785,MCS11_HE_SU20_5200  ANT_4   17.5    17.190  -0.310,MCS11_HE_SU20_5280  ANT_1   17.5    19.788  2.288,MCS11_HE_SU20_5280  ANT_2   17.5    18.610  1.110,MCS11_HE_SU20_5280  ANT_3   17.5    18.261  0.761,MCS11_HE_SU20_5280  ANT_4   17.5    17.427  -0.073,MCS11_HE_SU20_5540  ANT_1   17.5    20.215  2.715,MCS11_HE_SU20_5540  ANT_2   17.5    18.730  1.230,MCS11_HE_SU20_5540  ANT_3   17.5    18.507  1.007,MCS11_HE_SU20_5540  ANT_4   17.5    17.297  -0.203,MCS11_HE_SU20_5660  ANT_1   17.5    19.858  2.358,MCS11_HE_SU20_5660  ANT_2   17.5    18.574  1.074,MCS11_HE_SU20_5660  ANT_3   17.5    18.340  0.840,MCS11_HE_SU20_5660  ANT_4   17.5    18.747  1.247,MCS11_HE_SU20_5785  ANT_1   17.5    20.343  2.843,MCS11_HE_SU20_5785  ANT_2   17.5    19.072  1.572,MCS11_HE_SU20_5785  ANT_3   17.5    19.072  1.572,MCS11_HE_SU20_5785  ANT_4   17.5    17.637  0.137,MCS11_HE_SU40_5190  ANT_1   17.5            2.402,MCS11_HE_SU40_5190  ANT_2   17.5            1.347,MCS11_HE_SU40_5190  ANT_3   17.5            0.785,MCS11_HE_SU40_5190  ANT_4   17.5            -0.310,MCS11_HE_SU40_5310  ANT_1   17.5            2.288,MCS11_HE_SU40_5310  ANT_2   17.5            1.110,MCS11_HE_SU40_5310  ANT_3   17.5            0.761,MCS11_HE_SU40_5310  ANT_4   17.5            -0.073,MCS11_HE_SU40_5550  ANT_1   17.5            2.715,MCS11_HE_SU40_5550  ANT_2   17.5            1.230,MCS11_HE_SU40_5550  ANT_3   17.5            1.007,MCS11_HE_SU40_5550  ANT_4   17.5            -0.203,MCS11_HE_SU40_5670  ANT_1   17.5            2.358,MCS11_HE_SU40_5670  ANT_2   17.5            1.074,MCS11_HE_SU40_5670  ANT_3   17.5            0.840,MCS11_HE_SU40_5670  ANT_4   17.5            1.247,MCS11_HE_SU40_5755  ANT_1   17.5            2.843,MCS11_HE_SU40_5755  ANT_2   17.5            1.572,MCS11_HE_SU40_5755  ANT_3   17.5            1.572,MCS11_HE_SU40_5755  ANT_4   17.5            0.137,MCS11_HE_SU80_5210  ANT_1   17.5            2.402,MCS11_HE_SU80_5210  ANT_2   17.5            1.347,MCS11_HE_SU80_5210  ANT_3   17.5            0.785,MCS11_HE_SU80_5210  ANT_4   17.5            -0.310,MCS11_HE_SU80_5290  ANT_1   17.5            2.288,MCS11_HE_SU80_5290  ANT_2   17.5            1.110,MCS11_HE_SU80_5290  ANT_3   17.5            0.761,MCS11_HE_SU80_5290  ANT_4   17.5            -0.073,MCS11_HE_SU80_5530  ANT_1   17.5            2.715,MCS11_HE_SU80_5530  ANT_2   17.5            1.230,MCS11_HE_SU80_5530  ANT_3   17.5            1.007,MCS11_HE_SU80_5530  ANT_4   17.5            -0.203,MCS11_HE_SU80_5690  ANT_1   17.5            2.358,MCS11_HE_SU80_5690  ANT_2   17.5            1.074,MCS11_HE_SU80_5690  ANT_3   17.5            0.840,MCS11_HE_SU80_5690  ANT_4   17.5            1.247,MCS11_HE_SU80_5775  ANT_1   17.5            2.843,MCS11_HE_SU80_5775  ANT_2   17.5            1.572,MCS11_HE_SU80_5775  ANT_3   17.5            1.572,MCS11_HE_SU80_5775  ANT_4   17.5            0.137,MCS11_HE_SU160_5250 ANT_1   18.0            2.345,MCS11_HE_SU160_5250 ANT_2   18.0            1.229,MCS11_HE_SU160_5250 ANT_3   18.0            0.773,MCS11_HE_SU160_5250 ANT_4   18.0            -0.191,MCS11_HE_SU160_5570 ANT_1   18.0            2.537,MCS11_HE_SU160_5570 ANT_2   18.0            1.152,MCS11_HE_SU160_5570 ANT_3   18.0            0.924,MCS11_HE_SU160_5570 ANT_4   18.0            0.522,Verify TX Power:,Rate                Ant     Target  Actual,------------------------------------------,MCS11_HE_SU20_5200  ANT_1   17.5    17.212,MCS11_HE_SU20_5200  ANT_2   17.5    17.431,MCS11_HE_SU20_5200  ANT_3   17.5    17.363,MCS11_HE_SU20_5200  ANT_4   17.5    17.423,MCS11_HE_SU20_5280  ANT_1   17.5    17.322,MCS11_HE_SU20_5280  ANT_2   17.5    17.428,MCS11_HE_SU20_5280  ANT_3   17.5    17.371,MCS11_HE_SU20_5280  ANT_4   17.5    17.292,MCS11_HE_SU20_5540  ANT_1   17.5    17.412,MCS11_HE_SU20_5540  ANT_2   17.5    17.524,MCS11_HE_SU20_5540  ANT_3   17.5    17.668,MCS11_HE_SU20_5540  ANT_4   17.5    17.389,MCS11_HE_SU20_5660  ANT_1   17.5    17.347,MCS11_HE_SU20_5660  ANT_2   17.5    17.416,MCS11_HE_SU20_5660  ANT_3   17.5    17.286,MCS11_HE_SU20_5660  ANT_4   17.5    17.432,MCS11_HE_SU20_5785  ANT_1   17.5    17.321,MCS11_HE_SU20_5785  ANT_2   17.5    17.204,MCS11_HE_SU20_5785  ANT_3   17.5    17.549,MCS11_HE_SU20_5785  ANT_4   17.5    17.621,MCS11_HE_SU40_5190  ANT_1   17.5    17.193,MCS11_HE_SU40_5190  ANT_2   17.5    17.049,MCS11_HE_SU40_5190  ANT_3   17.5    17.664,MCS11_HE_SU40_5190  ANT_4   17.5    17.565,MCS11_HE_SU40_5310  ANT_1   17.5    17.428,MCS11_HE_SU40_5310  ANT_2   17.5    17.363,MCS11_HE_SU40_5310  ANT_3   17.5    17.388,MCS11_HE_SU40_5310  ANT_4   17.5    17.425,MCS11_HE_SU40_5550  ANT_1   17.5    17.585,MCS11_HE_SU40_5550  ANT_2   17.5    17.882,MCS11_HE_SU40_5550  ANT_3   17.5    17.760,MCS11_HE_SU40_5550  ANT_4   17.5    17.450,MCS11_HE_SU40_5670  ANT_1   17.5    17.261,MCS11_HE_SU40_5670  ANT_2   17.5    17.080,MCS11_HE_SU40_5670  ANT_3   17.5    17.332,MCS11_HE_SU40_5670  ANT_4   17.5    16.953,MCS11_HE_SU40_5755  ANT_1   17.5    17.499,MCS11_HE_SU40_5755  ANT_2   17.5    16.893,MCS11_HE_SU40_5755  ANT_3   17.5    17.293,MCS11_HE_SU40_5755  ANT_4   17.5    17.593,MCS11_HE_SU80_5210  ANT_1   17.5    16.886,MCS11_HE_SU80_5210  ANT_2   17.5    17.182,MCS11_HE_SU80_5210  ANT_3   17.5    17.660,MCS11_HE_SU80_5210  ANT_4   17.5    17.612,MCS11_HE_SU80_5290  ANT_1   17.5    17.374,MCS11_HE_SU80_5290  ANT_2   17.5    17.754,MCS11_HE_SU80_5290  ANT_3   17.5    17.396,MCS11_HE_SU80_5290  ANT_4   17.5    17.221,MCS11_HE_SU80_5530  ANT_1   17.5    17.548,MCS11_HE_SU80_5530  ANT_2   17.5    17.937,MCS11_HE_SU80_5530  ANT_3   17.5    17.448,MCS11_HE_SU80_5530  ANT_4   17.5    17.260,MCS11_HE_SU80_5690  ANT_1   17.5    16.978,MCS11_HE_SU80_5690  ANT_2   17.5    16.669,MCS11_HE_SU80_5690  ANT_3   17.5    16.832,MCS11_HE_SU80_5690  ANT_4   17.5    16.774,MCS11_HE_SU80_5775  ANT_1   17.5    17.107,MCS11_HE_SU80_5775  ANT_2   17.5    16.986,MCS11_HE_SU80_5775  ANT_3   17.5    17.625,MCS11_HE_SU80_5775  ANT_4   17.5    17.129,MCS11_HE_SU160_5250 ANT_1   18.0    18.059,MCS11_HE_SU160_5250 ANT_2   18.0    18.180,MCS11_HE_SU160_5250 ANT_3   18.0    18.175,MCS11_HE_SU160_5250 ANT_4   18.0    18.053,MCS11_HE_SU160_5570 ANT_1   18.0    18.151,MCS11_HE_SU160_5570 ANT_2   18.0    18.280,MCS11_HE_SU160_5570 ANT_3   18.0    18.220,MCS11_HE_SU160_5570 ANT_4   18.0    17.943,Calibration Done.,Test time: 133.70sec
34,34. WIFI_TX_VERIFY_ALL,Frequency: 5180, Data Rate: HE_SU-MCS0, Bandwidth: BW-20, Antenna: ANT_1, Tx Power: 21.0,Power               20.620 dBm          (22.5 ~ 19.5)       <-- pass,Mask Margin,Frequency           -30.293 MHz         Margin    14.900 dB  -54.686 dBr(-40.000 ~ -99.000)  <-- pass,Frequency           -28.857 MHz         Margin    15.874 dB  -54.988 dBr(-28.000 ~ -99.000)  <-- pass,Frequency           -10.518 MHz         Margin    4.575 dB  -25.653 dBr(-20.000 ~ -99.000)  <-- pass,Frequency           -10.488 MHz         Margin    4.589 dB  -25.262 dBr(0.000 ~ -99.000)  <-- pass,Frequency           10.488 MHz          Margin    4.648 dB  -24.070 dBr(0.000 ~ -99.000)  <-- pass,Frequency           10.518 MHz          Margin    4.715 dB  -24.641 dBr(-20.000 ~ -99.000)  <-- pass,Frequency           21.709 MHz          Margin    7.253 dB  -39.449 dBr(-28.000 ~ -99.000)  <-- pass,Frequency           31.025 MHz          Margin    11.271 dB  -51.448 dBr(-40.000 ~ -99.000)  <-- pass,EVM                 -18.448 dB          (-5.0 ~ -80.0)      <-- pass,Freq Error          -2.339 ppm          (20.0 ~ -20.0)      <-- pass,Spectrum Mask       0.000 %             (2.0 ~ 0.0)         <-- pass,Test time: 2.23sec,,,,,,,,,,,,,,,,,,,,,,,,,,,,,,,,,,,,,,,,,,,,,,,,,,,,,,,,,,,,,,,,,,,,,,,,,,,,,,,,,,,,,,,,,,,,,,,,,,,,,,,,,,,,,,,,,,,,,,,,,,,,,
35,35. WIFI_TX_VERIFY_ALL,Frequency: 5180, Data Rate: HE_SU-MCS0, Bandwidth: BW-20, Antenna: ANT_2, Tx Power: 21.0,Power               20.892 dBm          (22.5 ~ 19.5)       <-- pass,Mask Margin,Frequency           -30.557 MHz         Margin    17.670 dB  -56.673 dBr(-40.000 ~ -99.000)  <-- pass,Frequency           -29.941 MHz         Margin    17.571 dB  -55.806 dBr(-28.000 ~ -99.000)  <-- pass,Frequency           -10.635 MHz         Margin    3.839 dB  -25.748 dBr(-20.000 ~ -99.000)  <-- pass,Frequency           -10.488 MHz         Margin    4.817 dB  -23.084 dBr(0.000 ~ -99.000)  <-- pass,Frequency           10.488 MHz          Margin    2.886 dB  -22.863 dBr(0.000 ~ -99.000)  <-- pass,Frequency           10.518 MHz          Margin    2.447 dB  -23.771 dBr(-20.000 ~ -99.000)  <-- pass,Frequency           20.859 MHz          Margin    5.258 dB  -36.135 dBr(-28.000 ~ -99.000)  <-- pass,Frequency           30.000 MHz          Margin    12.268 dB  -51.328 dBr(-40.000 ~ -99.000)  <-- pass,EVM                 -17.763 dB          (-5.0 ~ -80.0)      <-- pass,Freq Error          -2.331 ppm          (20.0 ~ -20.0)      <-- pass,Spectrum Mask       0.000 %             (2.0 ~ 0.0)         <-- pass,Test time: 1.94sec,,,,,,,,,,,,,,,,,,,,,,,,,,,,,,,,,,,,,,,,,,,,,,,,,,,,,,,,,,,,,,,,,,,,,,,,,,,,,,,,,,,,,,,,,,,,,,,,,,,,,,,,,,,,,,,,,,,,,,,,,,,,,
36,36. WIFI_TX_VERIFY_ALL,Frequency: 5180, Data Rate: HE_SU-MCS0, Bandwidth: BW-20, Antenna: ANT_3, Tx Power: 21.0,Power               20.500 dBm          (22.5 ~ 19.5)       <-- pass,Mask Margin,Frequency           -30.850 MHz         Margin    17.489 dB  -58.930 dBr(-40.000 ~ -99.000)  <-- pass,Frequency           -29.268 MHz         Margin    17.826 dB  -56.876 dBr(-28.000 ~ -99.000)  <-- pass,Frequency           -10.518 MHz         Margin    5.344 dB  -24.767 dBr(-20.000 ~ -99.000)  <-- pass,Frequency           -10.488 MHz         Margin    5.597 dB  -24.795 dBr(0.000 ~ -99.000)  <-- pass,Frequency           10.488 MHz          Margin    4.573 dB  -23.479 dBr(0.000 ~ -99.000)  <-- pass,Frequency           10.518 MHz          Margin    4.339 dB  -24.029 dBr(-20.000 ~ -99.000)  <-- pass,Frequency           21.211 MHz          Margin    5.615 dB  -36.228 dBr(-28.000 ~ -99.000)  <-- pass,Frequency           30.439 MHz          Margin    10.816 dB  -50.650 dBr(-40.000 ~ -99.000)  <-- pass,EVM                 -17.930 dB          (-5.0 ~ -80.0)      <-- pass,Freq Error          -2.310 ppm          (20.0 ~ -20.0)      <-- pass,Spectrum Mask       0.000 %             (2.0 ~ 0.0)         <-- pass,Test time: 5.78sec,,,,,,,,,,,,,,,,,,,,,,,,,,,,,,,,,,,,,,,,,,,,,,,,,,,,,,,,,,,,,,,,,,,,,,,,,,,,,,,,,,,,,,,,,,,,,,,,,,,,,,,,,,,,,,,,,,,,,,,,,,,,,
37,37. WIFI_TX_VERIFY_ALL,Frequency: 5180, Data Rate: HE_SU-MCS0, Bandwidth: BW-20, Antenna: ANT_4, Tx Power: 21.0,Power               20.854 dBm          (22.5 ~ 19.5)       <-- pass,Mask Margin,Frequency           -30.234 MHz         Margin    18.682 dB  -57.600 dBr(-40.000 ~ -99.000)  <-- pass,Frequency           -29.004 MHz         Margin    18.599 dB  -59.562 dBr(-28.000 ~ -99.000)  <-- pass,Frequency           -10.518 MHz         Margin    6.026 dB  -23.929 dBr(-20.000 ~ -99.000)  <-- pass,Frequency           -10.488 MHz         Margin    5.849 dB  -24.177 dBr(0.000 ~ -99.000)  <-- pass,Frequency           10.488 MHz          Margin    3.925 dB  -24.393 dBr(0.000 ~ -99.000)  <-- pass,Frequency           10.518 MHz          Margin    4.158 dB  -24.371 dBr(-20.000 ~ -99.000)  <-- pass,Frequency           22.705 MHz          Margin    5.919 dB  -39.922 dBr(-28.000 ~ -99.000)  <-- pass,Frequency           30.000 MHz          Margin    10.721 dB  -50.172 dBr(-40.000 ~ -99.000)  <-- pass,EVM                 -18.261 dB          (-5.0 ~ -80.0)      <-- pass,Freq Error          -2.260 ppm          (20.0 ~ -20.0)      <-- pass,Spectrum Mask       0.000 %             (2.0 ~ 0.0)         <-- pass,Test time: 6.84sec,,,,,,,,,,,,,,,,,,,,,,,,,,,,,,,,,,,,,,,,,,,,,,,,,,,,,,,,,,,,,,,,,,,,,,,,,,,,,,,,,,,,,,,,,,,,,,,,,,,,,,,,,,,,,,,,,,,,,,,,,,,,,
38,38. WIFI_TX_VERIFY_ALL,Frequency: 5230, Data Rate: HT_MF-MCS4, Bandwidth: BW-40, Antenna: ANT_1, Tx Power: 20.0,Power               19.466 dBm          (21.5 ~ 18.5)       <-- pass,Mask Margin,Frequency           -64.980 MHz         Margin    13.031 dB  -54.509 dBr(-40.000 ~ -99.000)  <-- pass,Frequency           -59.854 MHz         Margin    13.558 dB  -56.117 dBr(-28.000 ~ -99.000)  <-- pass,Frequency           -35.010 MHz         Margin    14.035 dB  -40.280 dBr(-20.000 ~ -99.000)  <-- pass,Frequency           -20.801 MHz         Margin    17.734 dB  -36.120 dBr(0.000 ~ -99.000)  <-- pass,Frequency           20.947 MHz          Margin    14.707 dB  -34.198 dBr(0.000 ~ -99.000)  <-- pass,Frequency           34.043 MHz          Margin    12.495 dB  -37.244 dBr(-20.000 ~ -99.000)  <-- pass,Frequency           57.480 MHz          Margin    11.826 dB  -49.881 dBr(-28.000 ~ -99.000)  <-- pass,Frequency           61.816 MHz          Margin    12.402 dB  -53.982 dBr(-40.000 ~ -99.000)  <-- pass,EVM                 -29.625 dB          (-19.0 ~ -80.0)     <-- pass,Freq Error          -2.251 ppm          (20.0 ~ -20.0)      <-- pass,Spectrum Mask       0.000 %             (2.0 ~ 0.0)         <-- pass,Test time: 2.05sec,,,,,,,,,,,,,,,,,,,,,,,,,,,,,,,,,,,,,,,,,,,,,,,,,,,,,,,,,,,,,,,,,,,,,,,,,,,,,,,,,,,,,,,,,,,,,,,,,,,,,,,,,,,,,,,,,,,,,,,,,,,,,
39,39. WIFI_TX_VERIFY_ALL,Frequency: 5230, Data Rate: HT_MF-MCS4, Bandwidth: BW-40, Antenna: ANT_2, Tx Power: 20.0,Power               19.872 dBm          (21.5 ~ 18.5)       <-- pass,Mask Margin,Frequency           -63.779 MHz         Margin    14.087 dB  -54.288 dBr(-40.000 ~ -99.000)  <-- pass,Frequency           -55.928 MHz         Margin    14.593 dB  -52.879 dBr(-28.000 ~ -99.000)  <-- pass,Frequency           -36.563 MHz         Margin    14.236 dB  -40.201 dBr(-20.000 ~ -99.000)  <-- pass,Frequency           -20.830 MHz         Margin    16.495 dB  -35.508 dBr(0.000 ~ -99.000)  <-- pass,Frequency           20.947 MHz          Margin    15.415 dB  -33.707 dBr(0.000 ~ -99.000)  <-- pass,Frequency           33.779 MHz          Margin    12.772 dB  -38.092 dBr(-20.000 ~ -99.000)  <-- pass,Frequency           57.451 MHz          Margin    12.498 dB  -51.860 dBr(-28.000 ~ -99.000)  <-- pass,Frequency           62.432 MHz          Margin    12.770 dB  -53.677 dBr(-40.000 ~ -99.000)  <-- pass,EVM                 -29.631 dB          (-19.0 ~ -80.0)     <-- pass,Freq Error          -2.256 ppm          (20.0 ~ -20.0)      <-- pass,Spectrum Mask       0.000 %             (2.0 ~ 0.0)         <-- pass,Test time: 1.91sec,,,,,,,,,,,,,,,,,,,,,,,,,,,,,,,,,,,,,,,,,,,,,,,,,,,,,,,,,,,,,,,,,,,,,,,,,,,,,,,,,,,,,,,,,,,,,,,,,,,,,,,,,,,,,,,,,,,,,,,,,,,,,
40,40. WIFI_TX_VERIFY_ALL,Frequency: 5230, Data Rate: HT_MF-MCS4, Bandwidth: BW-40, Antenna: ANT_3, Tx Power: 20.0,Power               20.341 dBm          (21.5 ~ 18.5)       <-- pass,Mask Margin,Frequency           -60.234 MHz         Margin    13.524 dB  -58.018 dBr(-40.000 ~ -99.000)  <-- pass,Frequency           -56.279 MHz         Margin    12.940 dB  -52.773 dBr(-28.000 ~ -99.000)  <-- pass,Frequency           -36.563 MHz         Margin    12.823 dB  -40.366 dBr(-20.000 ~ -99.000)  <-- pass,Frequency           -20.889 MHz         Margin    16.234 dB  -37.054 dBr(0.000 ~ -99.000)  <-- pass,Frequency           20.947 MHz          Margin    13.523 dB  -33.638 dBr(0.000 ~ -99.000)  <-- pass,Frequency           34.043 MHz          Margin    11.084 dB  -36.405 dBr(-20.000 ~ -99.000)  <-- pass,Frequency           59.033 MHz          Margin    11.057 dB  -51.825 dBr(-28.000 ~ -99.000)  <-- pass,Frequency           63.457 MHz          Margin    11.598 dB  -54.460 dBr(-40.000 ~ -99.000)  <-- pass,EVM                 -29.055 dB          (-19.0 ~ -80.0)     <-- pass,Freq Error          -2.269 ppm          (20.0 ~ -20.0)      <-- pass,Spectrum Mask       0.000 %             (2.0 ~ 0.0)         <-- pass,Test time: 1.92sec,,,,,,,,,,,,,,,,,,,,,,,,,,,,,,,,,,,,,,,,,,,,,,,,,,,,,,,,,,,,,,,,,,,,,,,,,,,,,,,,,,,,,,,,,,,,,,,,,,,,,,,,,,,,,,,,,,,,,,,,,,,,,
41,41. WIFI_TX_VERIFY_ALL,Frequency: 5230, Data Rate: HT_MF-MCS4, Bandwidth: BW-40, Antenna: ANT_4, Tx Power: 20.0,Power               20.282 dBm          (21.5 ~ 18.5)       <-- pass,Mask Margin,Frequency           -61.846 MHz         Margin    14.607 dB  -52.450 dBr(-40.000 ~ -99.000)  <-- pass,Frequency           -47.813 MHz         Margin    13.931 dB  -48.089 dBr(-28.000 ~ -99.000)  <-- pass,Frequency           -36.563 MHz         Margin    13.660 dB  -39.740 dBr(-20.000 ~ -99.000)  <-- pass,Frequency           -20.977 MHz         Margin    16.085 dB  -35.252 dBr(0.000 ~ -99.000)  <-- pass,Frequency           20.947 MHz          Margin    14.625 dB  -32.836 dBr(0.000 ~ -99.000)  <-- pass,Frequency           34.043 MHz          Margin    11.567 dB  -37.071 dBr(-20.000 ~ -99.000)  <-- pass,Frequency           59.063 MHz          Margin    11.844 dB  -53.158 dBr(-28.000 ~ -99.000)  <-- pass,Frequency           63.721 MHz          Margin    13.015 dB  -53.851 dBr(-40.000 ~ -99.000)  <-- pass,EVM                 -30.056 dB          (-19.0 ~ -80.0)     <-- pass,Freq Error          -2.274 ppm          (20.0 ~ -20.0)      <-- pass,Spectrum Mask       0.000 %             (2.0 ~ 0.0)         <-- pass,Test time: 1.91sec,,,,,,,,,,,,,,,,,,,,,,,,,,,,,,,,,,,,,,,,,,,,,,,,,,,,,,,,,,,,,,,,,,,,,,,,,,,,,,,,,,,,,,,,,,,,,,,,,,,,,,,,,,,,,,,,,,,,,,,,,,,,,
42,42. WIFI_TX_VERIFY_ALL,Frequency: 5290, Data Rate: VHT-MCS7, Bandwidth: BW-80, Antenna: ANT_1, Tx Power: 19.5,Power               19.358 dBm          (21.0 ~ 18.0)       <-- pass,Mask Margin,Frequency           -120.000 MHz        Margin    14.750 dB  -54.623 dBr(-40.000 ~ -99.000)  <-- pass,Frequency           -119.375 MHz        Margin    9.314 dB  -49.653 dBr(-28.000 ~ -99.000)  <-- pass,Frequency           -60.391 MHz         Margin    14.736 dB  -38.268 dBr(-20.000 ~ -99.000)  <-- pass,Frequency           -40.898 MHz         Margin    18.149 dB  -35.853 dBr(0.000 ~ -99.000)  <-- pass,Frequency           40.977 MHz          Margin    16.032 dB  -35.636 dBr(0.000 ~ -99.000)  <-- pass,Frequency           76.875 MHz          Margin    12.536 dB  -39.848 dBr(-20.000 ~ -99.000)  <-- pass,Frequency           97.891 MHz          Margin    8.687 dB  -42.506 dBr(-28.000 ~ -99.000)  <-- pass,Frequency           120.000 MHz         Margin    11.954 dB  -53.113 dBr(-40.000 ~ -99.000)  <-- pass,EVM                 -38.350 dB          (-27.0 ~ -80.0)     <-- pass,Freq Error          -2.290 ppm          (20.0 ~ -20.0)      <-- pass,Spectrum Mask       0.000 %             (2.0 ~ 0.0)         <-- pass,Test time: 3.20sec,,,,,,,,,,,,,,,,,,,,,,,,,,,,,,,,,,,,,,,,,,,,,,,,,,,,,,,,,,,,,,,,,,,,,,,,,,,,,,,,,,,,,,,,,,,,,,,,,,,,,,,,,,,,,,,,,,,,,,,,,,,,,
43,43. WIFI_TX_VERIFY_ALL,Frequency: 5290, Data Rate: VHT-MCS7, Bandwidth: BW-80, Antenna: ANT_2, Tx Power: 19.5,Power               19.698 dBm          (21.0 ~ 18.0)       <-- pass,Mask Margin,Frequency           -120.000 MHz        Margin    11.781 dB  -56.785 dBr(-40.000 ~ -99.000)  <-- pass,Frequency           -113.398 MHz        Margin    11.080 dB  -52.117 dBr(-28.000 ~ -99.000)  <-- pass,Frequency           -60.391 MHz         Margin    14.813 dB  -40.098 dBr(-20.000 ~ -99.000)  <-- pass,Frequency           -40.703 MHz         Margin    18.331 dB  -35.442 dBr(0.000 ~ -99.000)  <-- pass,Frequency           40.977 MHz          Margin    15.740 dB  -36.557 dBr(0.000 ~ -99.000)  <-- pass,Frequency           76.875 MHz          Margin    12.402 dB  -41.019 dBr(-20.000 ~ -99.000)  <-- pass,Frequency           97.891 MHz          Margin    9.991 dB  -43.799 dBr(-28.000 ~ -99.000)  <-- pass,Frequency           120.000 MHz         Margin    14.607 dB  -58.934 dBr(-40.000 ~ -99.000)  <-- pass,EVM                 -37.661 dB          (-27.0 ~ -80.0)     <-- pass,Freq Error          -2.319 ppm          (20.0 ~ -20.0)      <-- pass,Spectrum Mask       0.000 %             (2.0 ~ 0.0)         <-- pass,Test time: 1.98sec,,,,,,,,,,,,,,,,,,,,,,,,,,,,,,,,,,,,,,,,,,,,,,,,,,,,,,,,,,,,,,,,,,,,,,,,,,,,,,,,,,,,,,,,,,,,,,,,,,,,,,,,,,,,,,,,,,,,,,,,,,,,,
44,44. WIFI_TX_VERIFY_ALL,Frequency: 5290, Data Rate: VHT-MCS7, Bandwidth: BW-80, Antenna: ANT_3, Tx Power: 19.5,Power               19.320 dBm          (21.0 ~ 18.0)       <-- pass,Mask Margin,Frequency           -120.000 MHz        Margin    14.444 dB  -52.892 dBr(-40.000 ~ -99.000)  <-- pass,Frequency           -116.914 MHz        Margin    11.766 dB  -51.874 dBr(-28.000 ~ -99.000)  <-- pass,Frequency           -57.617 MHz         Margin    15.090 dB  -38.409 dBr(-20.000 ~ -99.000)  <-- pass,Frequency           -40.781 MHz         Margin    18.639 dB  -36.011 dBr(0.000 ~ -99.000)  <-- pass,Frequency           40.977 MHz          Margin    15.648 dB  -35.149 dBr(0.000 ~ -99.000)  <-- pass,Frequency           76.875 MHz          Margin    13.123 dB  -39.822 dBr(-20.000 ~ -99.000)  <-- pass,Frequency           97.891 MHz          Margin    9.782 dB  -43.619 dBr(-28.000 ~ -99.000)  <-- pass,Frequency           120.000 MHz         Margin    14.057 dB  -53.375 dBr(-40.000 ~ -99.000)  <-- pass,EVM                 -37.503 dB          (-27.0 ~ -80.0)     <-- pass,Freq Error          -2.341 ppm          (20.0 ~ -20.0)      <-- pass,Spectrum Mask       0.000 %             (2.0 ~ 0.0)         <-- pass,Test time: 1.97sec,,,,,,,,,,,,,,,,,,,,,,,,,,,,,,,,,,,,,,,,,,,,,,,,,,,,,,,,,,,,,,,,,,,,,,,,,,,,,,,,,,,,,,,,,,,,,,,,,,,,,,,,,,,,,,,,,,,,,,,,,,,,,
45,45. WIFI_TX_VERIFY_ALL,Frequency: 5290, Data Rate: VHT-MCS7, Bandwidth: BW-80, Antenna: ANT_4, Tx Power: 19.5,Power               19.206 dBm          (21.0 ~ 18.0)       <-- pass,Mask Margin,Frequency           -120.000 MHz        Margin    14.174 dB  -55.736 dBr(-40.000 ~ -99.000)  <-- pass,Frequency           -118.398 MHz        Margin    11.406 dB  -54.707 dBr(-28.000 ~ -99.000)  <-- pass,Frequency           -70.352 MHz         Margin    16.945 dB  -43.539 dBr(-20.000 ~ -99.000)  <-- pass,Frequency           -40.859 MHz         Margin    19.842 dB  -38.642 dBr(0.000 ~ -99.000)  <-- pass,Frequency           40.938 MHz          Margin    15.644 dB  -34.853 dBr(0.000 ~ -99.000)  <-- pass,Frequency           76.875 MHz          Margin    14.399 dB  -41.838 dBr(-20.000 ~ -99.000)  <-- pass,Frequency           97.852 MHz          Margin    10.221 dB  -44.460 dBr(-28.000 ~ -99.000)  <-- pass,Frequency           120.000 MHz         Margin    13.848 dB  -53.077 dBr(-40.000 ~ -99.000)  <-- pass,EVM                 -37.038 dB          (-27.0 ~ -80.0)     <-- pass,Freq Error          -2.358 ppm          (20.0 ~ -20.0)      <-- pass,Spectrum Mask       0.000 %             (2.0 ~ 0.0)         <-- pass,Test time: 2.00sec,,,,,,,,,,,,,,,,,,,,,,,,,,,,,,,,,,,,,,,,,,,,,,,,,,,,,,,,,,,,,,,,,,,,,,,,,,,,,,,,,,,,,,,,,,,,,,,,,,,,,,,,,,,,,,,,,,,,,,,,,,,,,
46,46. WIFI_TX_VERIFY_ALL,Frequency: 5250, Data Rate: HE_SU-MCS11, Bandwidth: BW-160, Antenna: ANT_1, Tx Power: 18.0,Power               18.111 dBm          (19.5 ~ 16.5)       <-- pass,Mask Margin,Frequency           -240.000 MHz        Margin    18.649 dB  -56.902 dBr(-40.000 ~ -99.000)  <-- pass,Frequency           -239.063 MHz        Margin    16.974 dB  -54.202 dBr(-28.000 ~ -99.000)  <-- pass,Frequency           -80.508 MHz         Margin    12.037 dB  -31.107 dBr(-20.000 ~ -99.000)  <-- pass,Frequency           -80.479 MHz         Margin    12.799 dB  -31.340 dBr(0.000 ~ -99.000)  <-- pass,Frequency           80.479 MHz          Margin    9.254 dB  -28.778 dBr(0.000 ~ -99.000)  <-- pass,Frequency           80.977 MHz          Margin    9.177 dB  -29.396 dBr(-20.000 ~ -99.000)  <-- pass,Frequency           235.283 MHz         Margin    11.045 dB  -46.707 dBr(-28.000 ~ -99.000)  <-- pass,Frequency           240.000 MHz         Margin    16.901 dB  -50.000 dBr(-40.000 ~ -99.000)  <-- pass,EVM                 -37.956 dB          (-35.0 ~ -80.0)     <-- pass,Freq Error          -2.383 ppm          (20.0 ~ -20.0)      <-- pass,Spectrum Mask       0.000 %             (2.0 ~ 0.0)         <-- pass,Test time: 2.48sec,,,,,,,,,,,,,,,,,,,,,,,,,,,,,,,,,,,,,,,,,,,,,,,,,,,,,,,,,,,,,,,,,,,,,,,,,,,,,,,,,,,,,,,,,,,,,,,,,,,,,,,,,,,,,,,,,,,,,,,,,,,,,
47,47. WIFI_TX_VERIFY_ALL,Frequency: 5250, Data Rate: HE_SU-MCS11, Bandwidth: BW-160, Antenna: ANT_2, Tx Power: 18.0,Power               18.295 dBm          (19.5 ~ 16.5)       <-- pass,Mask Margin,Frequency           -240.000 MHz        Margin    23.809 dB  -61.220 dBr(-40.000 ~ -99.000)  <-- pass,Frequency           -192.510 MHz        Margin    17.522 dB  -49.714 dBr(-28.000 ~ -99.000)  <-- pass,Frequency           -80.508 MHz         Margin    12.798 dB  -33.355 dBr(-20.000 ~ -99.000)  <-- pass,Frequency           -80.479 MHz         Margin    13.577 dB  -34.207 dBr(0.000 ~ -99.000)  <-- pass,Frequency           80.479 MHz          Margin    9.952 dB  -29.604 dBr(0.000 ~ -99.000)  <-- pass,Frequency           80.977 MHz          Margin    9.664 dB  -29.959 dBr(-20.000 ~ -99.000)  <-- pass,Frequency           235.283 MHz         Margin    10.789 dB  -47.758 dBr(-28.000 ~ -99.000)  <-- pass,Frequency           240.000 MHz         Margin    15.165 dB  -50.760 dBr(-40.000 ~ -99.000)  <-- pass,EVM                 -37.924 dB          (-35.0 ~ -80.0)     <-- pass,Freq Error          -2.410 ppm          (20.0 ~ -20.0)      <-- pass,Spectrum Mask       0.000 %             (2.0 ~ 0.0)         <-- pass,Test time: 2.39sec,,,,,,,,,,,,,,,,,,,,,,,,,,,,,,,,,,,,,,,,,,,,,,,,,,,,,,,,,,,,,,,,,,,,,,,,,,,,,,,,,,,,,,,,,,,,,,,,,,,,,,,,,,,,,,,,,,,,,,,,,,,,,
48,48. WIFI_TX_VERIFY_ALL,Frequency: 5250, Data Rate: HE_SU-MCS11, Bandwidth: BW-160, Antenna: ANT_3, Tx Power: 18.0,Power               18.059 dBm          (19.5 ~ 16.5)       <-- pass,Mask Margin,Frequency           -240.000 MHz        Margin    20.185 dB  -56.673 dBr(-40.000 ~ -99.000)  <-- pass,Frequency           -237.891 MHz        Margin    17.776 dB  -57.522 dBr(-28.000 ~ -99.000)  <-- pass,Frequency           -80.508 MHz         Margin    14.796 dB  -34.011 dBr(-20.000 ~ -99.000)  <-- pass,Frequency           -80.479 MHz         Margin    15.810 dB  -34.904 dBr(0.000 ~ -99.000)  <-- pass,Frequency           80.479 MHz          Margin    8.376 dB  -28.450 dBr(0.000 ~ -99.000)  <-- pass,Frequency           80.508 MHz          Margin    8.448 dB  -28.999 dBr(-20.000 ~ -99.000)  <-- pass,Frequency           235.283 MHz         Margin    9.052 dB  -45.912 dBr(-28.000 ~ -99.000)  <-- pass,Frequency           240.000 MHz         Margin    13.770 dB  -51.597 dBr(-40.000 ~ -99.000)  <-- pass,EVM                 -38.003 dB          (-35.0 ~ -80.0)     <-- pass,Freq Error          -2.437 ppm          (20.0 ~ -20.0)      <-- pass,Spectrum Mask       0.000 %             (2.0 ~ 0.0)         <-- pass,Test time: 2.36sec,,,,,,,,,,,,,,,,,,,,,,,,,,,,,,,,,,,,,,,,,,,,,,,,,,,,,,,,,,,,,,,,,,,,,,,,,,,,,,,,,,,,,,,,,,,,,,,,,,,,,,,,,,,,,,,,,,,,,,,,,,,,,
49,49. WIFI_TX_VERIFY_ALL,Frequency: 5250, Data Rate: HE_SU-MCS11, Bandwidth: BW-160, Antenna: ANT_4, Tx Power: 18.0,Power               18.207 dBm          (19.5 ~ 16.5)       <-- pass,Mask Margin,Frequency           -240.000 MHz        Margin    21.791 dB  -59.687 dBr(-40.000 ~ -99.000)  <-- pass,Frequency           -238.506 MHz        Margin    18.646 dB  -57.630 dBr(-28.000 ~ -99.000)  <-- pass,Frequency           -80.508 MHz         Margin    14.267 dB  -34.461 dBr(-20.000 ~ -99.000)  <-- pass,Frequency           -80.479 MHz         Margin    15.211 dB  -35.013 dBr(0.000 ~ -99.000)  <-- pass,Frequency           80.479 MHz          Margin    8.852 dB  -29.188 dBr(0.000 ~ -99.000)  <-- pass,Frequency           80.508 MHz          Margin    8.885 dB  -29.768 dBr(-20.000 ~ -99.000)  <-- pass,Frequency           172.559 MHz         Margin    11.281 dB  -45.559 dBr(-28.000 ~ -99.000)  <-- pass,Frequency           240.000 MHz         Margin    14.761 dB  -53.132 dBr(-40.000 ~ -99.000)  <-- pass,EVM                 -38.228 dB          (-35.0 ~ -80.0)     <-- pass,Freq Error          -2.467 ppm          (20.0 ~ -20.0)      <-- pass,Spectrum Mask       0.000 %             (2.0 ~ 0.0)         <-- pass,Test time: 2.39sec,,,,,,,,,,,,,,,,,,,,,,,,,,,,,,,,,,,,,,,,,,,,,,,,,,,,,,,,,,,,,,,,,,,,,,,,,,,,,,,,,,,,,,,,,,,,,,,,,,,,,,,,,,,,,,,,,,,,,,,,,,,,,
50,50. WIFI_TX_VERIFY_ALL,Frequency: 5500, Data Rate: HE_SU-MCS0, Bandwidth: BW-20, Antenna: ANT_1, Tx Power: 21.0,Power               20.443 dBm          (22.5 ~ 19.5)       <-- pass,Mask Margin,Frequency           -33.281 MHz         Margin    14.854 dB  -55.264 dBr(-40.000 ~ -99.000)  <-- pass,Frequency           -29.883 MHz         Margin    15.859 dB  -55.400 dBr(-28.000 ~ -99.000)  <-- pass,Frequency           -10.518 MHz         Margin    2.880 dB  -23.163 dBr(-20.000 ~ -99.000)  <-- pass,Frequency           -10.488 MHz         Margin    2.937 dB  -22.803 dBr(0.000 ~ -99.000)  <-- pass,Frequency           10.488 MHz          Margin    3.470 dB  -25.097 dBr(0.000 ~ -99.000)  <-- pass,Frequency           10.518 MHz          Margin    4.043 dB  -25.298 dBr(-20.000 ~ -99.000)  <-- pass,Frequency           20.039 MHz          Margin    5.679 dB  -36.726 dBr(-28.000 ~ -99.000)  <-- pass,Frequency           30.088 MHz          Margin    11.839 dB  -51.715 dBr(-40.000 ~ -99.000)  <-- pass,EVM                 -17.742 dB          (-5.0 ~ -80.0)      <-- pass,Freq Error          -2.476 ppm          (20.0 ~ -20.0)      <-- pass,Spectrum Mask       0.000 %             (2.0 ~ 0.0)         <-- pass,Test time: 2.20sec,,,,,,,,,,,,,,,,,,,,,,,,,,,,,,,,,,,,,,,,,,,,,,,,,,,,,,,,,,,,,,,,,,,,,,,,,,,,,,,,,,,,,,,,,,,,,,,,,,,,,,,,,,,,,,,,,,,,,,,,,,,,,
51,51. WIFI_TX_VERIFY_ALL,Frequency: 5500, Data Rate: HE_SU-MCS0, Bandwidth: BW-20, Antenna: ANT_2, Tx Power: 21.0,Power               20.899 dBm          (22.5 ~ 19.5)       <-- pass,Mask Margin,Frequency           -30.029 MHz         Margin    16.548 dB  -55.514 dBr(-40.000 ~ -99.000)  <-- pass,Frequency           -29.912 MHz         Margin    16.592 dB  -55.044 dBr(-28.000 ~ -99.000)  <-- pass,Frequency           -10.518 MHz         Margin    4.670 dB  -24.875 dBr(-20.000 ~ -99.000)  <-- pass,Frequency           -10.488 MHz         Margin    5.012 dB  -25.200 dBr(0.000 ~ -99.000)  <-- pass,Frequency           10.488 MHz          Margin    5.074 dB  -24.110 dBr(0.000 ~ -99.000)  <-- pass,Frequency           10.635 MHz          Margin    5.116 dB  -24.510 dBr(-20.000 ~ -99.000)  <-- pass,Frequency           20.889 MHz          Margin    6.936 dB  -36.931 dBr(-28.000 ~ -99.000)  <-- pass,Frequency           30.000 MHz          Margin    12.796 dB  -51.059 dBr(-40.000 ~ -99.000)  <-- pass,EVM                 -17.759 dB          (-5.0 ~ -80.0)      <-- pass,Freq Error          -2.470 ppm          (20.0 ~ -20.0)      <-- pass,Spectrum Mask       0.000 %             (2.0 ~ 0.0)         <-- pass,Test time: 2.02sec,,,,,,,,,,,,,,,,,,,,,,,,,,,,,,,,,,,,,,,,,,,,,,,,,,,,,,,,,,,,,,,,,,,,,,,,,,,,,,,,,,,,,,,,,,,,,,,,,,,,,,,,,,,,,,,,,,,,,,,,,,,,,
52,52. WIFI_TX_VERIFY_ALL,Frequency: 5500, Data Rate: HE_SU-MCS0, Bandwidth: BW-20, Antenna: ANT_3, Tx Power: 21.0,Power               21.311 dBm          (22.5 ~ 19.5)       <-- pass,Mask Margin,Frequency           -31.494 MHz         Margin    15.309 dB  -54.784 dBr(-40.000 ~ -99.000)  <-- pass,Frequency           -29.736 MHz         Margin    15.583 dB  -54.777 dBr(-28.000 ~ -99.000)  <-- pass,Frequency           -10.518 MHz         Margin    4.483 dB  -23.172 dBr(-20.000 ~ -99.000)  <-- pass,Frequency           -10.488 MHz         Margin    4.290 dB  -23.379 dBr(0.000 ~ -99.000)  <-- pass,Frequency           10.488 MHz          Margin    5.229 dB  -24.399 dBr(0.000 ~ -99.000)  <-- pass,Frequency           17.754 MHz          Margin    4.695 dB  -33.108 dBr(-20.000 ~ -99.000)  <-- pass,Frequency           21.445 MHz          Margin    6.094 dB  -37.553 dBr(-28.000 ~ -99.000)  <-- pass,Frequency           31.289 MHz          Margin    10.995 dB  -51.013 dBr(-40.000 ~ -99.000)  <-- pass,EVM                 -18.063 dB          (-5.0 ~ -80.0)      <-- pass,Freq Error          -2.453 ppm          (20.0 ~ -20.0)      <-- pass,Spectrum Mask       0.000 %             (2.0 ~ 0.0)         <-- pass,Test time: 1.97sec,,,,,,,,,,,,,,,,,,,,,,,,,,,,,,,,,,,,,,,,,,,,,,,,,,,,,,,,,,,,,,,,,,,,,,,,,,,,,,,,,,,,,,,,,,,,,,,,,,,,,,,,,,,,,,,,,,,,,,,,,,,,,
53,53. WIFI_TX_VERIFY_ALL,Frequency: 5500, Data Rate: HE_SU-MCS0, Bandwidth: BW-20, Antenna: ANT_4, Tx Power: 21.0,Power               20.760 dBm          (22.5 ~ 19.5)       <-- pass,Mask Margin,Frequency           -31.816 MHz         Margin    15.904 dB  -55.998 dBr(-40.000 ~ -99.000)  <-- pass,Frequency           -29.648 MHz         Margin    15.354 dB  -54.443 dBr(-28.000 ~ -99.000)  <-- pass,Frequency           -10.693 MHz         Margin    4.599 dB  -24.519 dBr(-20.000 ~ -99.000)  <-- pass,Frequency           -10.488 MHz         Margin    5.274 dB  -23.870 dBr(0.000 ~ -99.000)  <-- pass,Frequency           10.488 MHz          Margin    3.931 dB  -24.298 dBr(0.000 ~ -99.000)  <-- pass,Frequency           10.518 MHz          Margin    3.834 dB  -24.448 dBr(-20.000 ~ -99.000)  <-- pass,Frequency           21.621 MHz          Margin    5.713 dB  -39.155 dBr(-28.000 ~ -99.000)  <-- pass,Frequency           30.469 MHz          Margin    11.085 dB  -50.304 dBr(-40.000 ~ -99.000)  <-- pass,EVM                 -17.636 dB          (-5.0 ~ -80.0)      <-- pass,Freq Error          -2.441 ppm          (20.0 ~ -20.0)      <-- pass,Spectrum Mask       0.000 %             (2.0 ~ 0.0)         <-- pass,Test time: 1.98sec,,,,,,,,,,,,,,,,,,,,,,,,,,,,,,,,,,,,,,,,,,,,,,,,,,,,,,,,,,,,,,,,,,,,,,,,,,,,,,,,,,,,,,,,,,,,,,,,,,,,,,,,,,,,,,,,,,,,,,,,,,,,,
54,54. WIFI_TX_VERIFY_ALL,Frequency: 5590, Data Rate: HT_MF-MCS4, Bandwidth: BW-40, Antenna: ANT_1, Tx Power: 20.0,Power               19.828 dBm          (21.5 ~ 18.5)       <-- pass,Mask Margin,Frequency           -60.000 MHz         Margin    12.283 dB  -54.519 dBr(-40.000 ~ -99.000)  <-- pass,Frequency           -59.971 MHz         Margin    12.376 dB  -54.700 dBr(-28.000 ~ -99.000)  <-- pass,Frequency           -36.533 MHz         Margin    13.272 dB  -43.547 dBr(-20.000 ~ -99.000)  <-- pass,Frequency           -20.801 MHz         Margin    17.062 dB  -37.322 dBr(0.000 ~ -99.000)  <-- pass,Frequency           20.947 MHz          Margin    14.626 dB  -37.031 dBr(0.000 ~ -99.000)  <-- pass,Frequency           34.043 MHz          Margin    12.698 dB  -41.000 dBr(-20.000 ~ -99.000)  <-- pass,Frequency           49.951 MHz          Margin    12.002 dB  -49.560 dBr(-28.000 ~ -99.000)  <-- pass,Frequency           62.109 MHz          Margin    12.262 dB  -54.625 dBr(-40.000 ~ -99.000)  <-- pass,EVM                 -30.612 dB          (-19.0 ~ -80.0)     <-- pass,Freq Error          -2.430 ppm          (20.0 ~ -20.0)      <-- pass,Spectrum Mask       0.000 %             (2.0 ~ 0.0)         <-- pass,Test time: 2.09sec,,,,,,,,,,,,,,,,,,,,,,,,,,,,,,,,,,,,,,,,,,,,,,,,,,,,,,,,,,,,,,,,,,,,,,,,,,,,,,,,,,,,,,,,,,,,,,,,,,,,,,,,,,,,,,,,,,,,,,,,,,,,,
55,55. WIFI_TX_VERIFY_ALL,Frequency: 5590, Data Rate: HT_MF-MCS4, Bandwidth: BW-40, Antenna: ANT_2, Tx Power: 20.0,Power               20.452 dBm          (21.5 ~ 18.5)       <-- pass,Mask Margin,Frequency           -62.578 MHz         Margin    13.311 dB  -55.118 dBr(-40.000 ~ -99.000)  <-- pass,Frequency           -58.740 MHz         Margin    11.868 dB  -53.030 dBr(-28.000 ~ -99.000)  <-- pass,Frequency           -36.563 MHz         Margin    14.182 dB  -38.393 dBr(-20.000 ~ -99.000)  <-- pass,Frequency           -20.742 MHz         Margin    16.068 dB  -33.514 dBr(0.000 ~ -99.000)  <-- pass,Frequency           20.947 MHz          Margin    15.808 dB  -32.373 dBr(0.000 ~ -99.000)  <-- pass,Frequency           33.779 MHz          Margin    12.953 dB  -37.748 dBr(-20.000 ~ -99.000)  <-- pass,Frequency           58.711 MHz          Margin    11.984 dB  -51.239 dBr(-28.000 ~ -99.000)  <-- pass,Frequency           61.230 MHz          Margin    11.485 dB  -50.752 dBr(-40.000 ~ -99.000)  <-- pass,EVM                 -30.286 dB          (-19.0 ~ -80.0)     <-- pass,Freq Error          -2.429 ppm          (20.0 ~ -20.0)      <-- pass,Spectrum Mask       0.000 %             (2.0 ~ 0.0)         <-- pass,Test time: 1.95sec,,,,,,,,,,,,,,,,,,,,,,,,,,,,,,,,,,,,,,,,,,,,,,,,,,,,,,,,,,,,,,,,,,,,,,,,,,,,,,,,,,,,,,,,,,,,,,,,,,,,,,,,,,,,,,,,,,,,,,,,,,,,,
56,56. WIFI_TX_VERIFY_ALL,Frequency: 5590, Data Rate: HT_MF-MCS4, Bandwidth: BW-40, Antenna: ANT_3, Tx Power: 20.0,Power               19.705 dBm          (21.5 ~ 18.5)       <-- pass,Mask Margin,Frequency           -63.721 MHz         Margin    12.896 dB  -55.718 dBr(-40.000 ~ -99.000)  <-- pass,Frequency           -59.590 MHz         Margin    12.521 dB  -56.777 dBr(-28.000 ~ -99.000)  <-- pass,Frequency           -35.303 MHz         Margin    13.388 dB  -41.439 dBr(-20.000 ~ -99.000)  <-- pass,Frequency           -20.977 MHz         Margin    15.314 dB  -38.225 dBr(0.000 ~ -99.000)  <-- pass,Frequency           20.918 MHz          Margin    15.634 dB  -35.988 dBr(0.000 ~ -99.000)  <-- pass,Frequency           34.043 MHz          Margin    12.628 dB  -39.627 dBr(-20.000 ~ -99.000)  <-- pass,Frequency           59.033 MHz          Margin    11.144 dB  -51.527 dBr(-28.000 ~ -99.000)  <-- pass,Frequency           60.293 MHz          Margin    11.473 dB  -53.898 dBr(-40.000 ~ -99.000)  <-- pass,EVM                 -30.016 dB          (-19.0 ~ -80.0)     <-- pass,Freq Error          -2.433 ppm          (20.0 ~ -20.0)      <-- pass,Spectrum Mask       0.000 %             (2.0 ~ 0.0)         <-- pass,Test time: 1.92sec,,,,,,,,,,,,,,,,,,,,,,,,,,,,,,,,,,,,,,,,,,,,,,,,,,,,,,,,,,,,,,,,,,,,,,,,,,,,,,,,,,,,,,,,,,,,,,,,,,,,,,,,,,,,,,,,,,,,,,,,,,,,,
57,57. WIFI_TX_VERIFY_ALL,Frequency: 5590, Data Rate: HT_MF-MCS4, Bandwidth: BW-40, Antenna: ANT_4, Tx Power: 20.0,Power               19.803 dBm          (21.5 ~ 18.5)       <-- pass,Mask Margin,Frequency           -60.645 MHz         Margin    13.286 dB  -54.991 dBr(-40.000 ~ -99.000)  <-- pass,Frequency           -56.250 MHz         Margin    13.526 dB  -52.555 dBr(-28.000 ~ -99.000)  <-- pass,Frequency           -36.563 MHz         Margin    13.886 dB  -41.484 dBr(-20.000 ~ -99.000)  <-- pass,Frequency           -20.801 MHz         Margin    17.989 dB  -35.751 dBr(0.000 ~ -99.000)  <-- pass,Frequency           20.947 MHz          Margin    15.976 dB  -35.352 dBr(0.000 ~ -99.000)  <-- pass,Frequency           33.779 MHz          Margin    14.020 dB  -39.613 dBr(-20.000 ~ -99.000)  <-- pass,Frequency           59.063 MHz          Margin    12.386 dB  -51.654 dBr(-28.000 ~ -99.000)  <-- pass,Frequency           62.197 MHz          Margin    12.956 dB  -53.833 dBr(-40.000 ~ -99.000)  <-- pass,EVM                 -30.703 dB          (-19.0 ~ -80.0)     <-- pass,Freq Error          -2.438 ppm          (20.0 ~ -20.0)      <-- pass,Spectrum Mask       0.000 %             (2.0 ~ 0.0)         <-- pass,Test time: 1.94sec,,,,,,,,,,,,,,,,,,,,,,,,,,,,,,,,,,,,,,,,,,,,,,,,,,,,,,,,,,,,,,,,,,,,,,,,,,,,,,,,,,,,,,,,,,,,,,,,,,,,,,,,,,,,,,,,,,,,,,,,,,,,,
58,58. WIFI_TX_VERIFY_ALL,Frequency: 5775, Data Rate: VHT-MCS7, Bandwidth: BW-80, Antenna: ANT_1, Tx Power: 19.5,Power               18.939 dBm          (21.0 ~ 18.0)       <-- pass,Mask Margin,Frequency           -120.000 MHz        Margin    12.920 dB  -54.546 dBr(-40.000 ~ -99.000)  <-- pass,Frequency           -117.852 MHz        Margin    10.303 dB  -50.541 dBr(-28.000 ~ -99.000)  <-- pass,Frequency           -66.914 MHz         Margin    16.524 dB  -42.701 dBr(-20.000 ~ -99.000)  <-- pass,Frequency           -40.781 MHz         Margin    19.122 dB  -35.422 dBr(0.000 ~ -99.000)  <-- pass,Frequency           40.977 MHz          Margin    17.018 dB  -36.103 dBr(0.000 ~ -99.000)  <-- pass,Frequency           41.016 MHz          Margin    17.215 dB  -37.505 dBr(-20.000 ~ -99.000)  <-- pass,Frequency           84.023 MHz          Margin    16.823 dB  -45.817 dBr(-28.000 ~ -99.000)  <-- pass,Frequency           120.000 MHz         Margin    24.253 dB  -59.965 dBr(-40.000 ~ -99.000)  <-- pass,EVM                 -38.835 dB          (-27.0 ~ -80.0)     <-- pass,Freq Error          -2.455 ppm          (20.0 ~ -20.0)      <-- pass,Spectrum Mask       0.000 %             (2.0 ~ 0.0)         <-- pass,Test time: 2.12sec,,,,,,,,,,,,,,,,,,,,,,,,,,,,,,,,,,,,,,,,,,,,,,,,,,,,,,,,,,,,,,,,,,,,,,,,,,,,,,,,,,,,,,,,,,,,,,,,,,,,,,,,,,,,,,,,,,,,,,,,,,,,,
59,59. WIFI_TX_VERIFY_ALL,Frequency: 5775, Data Rate: VHT-MCS7, Bandwidth: BW-80, Antenna: ANT_2, Tx Power: 19.5,Power               18.957 dBm          (21.0 ~ 18.0)       <-- pass,Mask Margin,Frequency           -120.000 MHz        Margin    17.756 dB  -56.054 dBr(-40.000 ~ -99.000)  <-- pass,Frequency           -113.398 MHz        Margin    8.743 dB  -49.357 dBr(-28.000 ~ -99.000)  <-- pass,Frequency           -66.914 MHz         Margin    14.834 dB  -42.188 dBr(-20.000 ~ -99.000)  <-- pass,Frequency           -40.781 MHz         Margin    17.147 dB  -36.318 dBr(0.000 ~ -99.000)  <-- pass,Frequency           40.977 MHz          Margin    14.649 dB  -37.383 dBr(0.000 ~ -99.000)  <-- pass,Frequency           76.875 MHz          Margin    13.192 dB  -42.252 dBr(-20.000 ~ -99.000)  <-- pass,Frequency           83.398 MHz          Margin    14.219 dB  -44.015 dBr(-28.000 ~ -99.000)  <-- pass,Frequency           120.000 MHz         Margin    21.775 dB  -62.901 dBr(-40.000 ~ -99.000)  <-- pass,EVM                 -39.126 dB          (-27.0 ~ -80.0)     <-- pass,Freq Error          -2.471 ppm          (20.0 ~ -20.0)      <-- pass,Spectrum Mask       0.000 %             (2.0 ~ 0.0)         <-- pass,Test time: 2.00sec,,,,,,,,,,,,,,,,,,,,,,,,,,,,,,,,,,,,,,,,,,,,,,,,,,,,,,,,,,,,,,,,,,,,,,,,,,,,,,,,,,,,,,,,,,,,,,,,,,,,,,,,,,,,,,,,,,,,,,,,,,,,,
60,60. WIFI_TX_VERIFY_ALL,Frequency: 5775, Data Rate: VHT-MCS7, Bandwidth: BW-80, Antenna: ANT_3, Tx Power: 19.5,Power               19.389 dBm          (21.0 ~ 18.0)       <-- pass,Mask Margin,Frequency           -120.000 MHz        Margin    9.967 dB  -54.352 dBr(-40.000 ~ -99.000)  <-- pass,Frequency           -116.602 MHz        Margin    10.011 dB  -49.466 dBr(-28.000 ~ -99.000)  <-- pass,Frequency           -66.914 MHz         Margin    14.966 dB  -41.630 dBr(-20.000 ~ -99.000)  <-- pass,Frequency           -40.820 MHz         Margin    17.066 dB  -36.323 dBr(0.000 ~ -99.000)  <-- pass,Frequency           40.938 MHz          Margin    16.013 dB  -36.316 dBr(0.000 ~ -99.000)  <-- pass,Frequency           76.875 MHz          Margin    15.204 dB  -42.782 dBr(-20.000 ~ -99.000)  <-- pass,Frequency           84.297 MHz          Margin    14.523 dB  -45.436 dBr(-28.000 ~ -99.000)  <-- pass,Frequency           120.000 MHz         Margin    23.856 dB  -60.864 dBr(-40.000 ~ -99.000)  <-- pass,EVM                 -39.438 dB          (-27.0 ~ -80.0)     <-- pass,Freq Error          -2.490 ppm          (20.0 ~ -20.0)      <-- pass,Spectrum Mask       0.000 %             (2.0 ~ 0.0)         <-- pass,Test time: 2.00sec,,,,,,,,,,,,,,,,,,,,,,,,,,,,,,,,,,,,,,,,,,,,,,,,,,,,,,,,,,,,,,,,,,,,,,,,,,,,,,,,,,,,,,,,,,,,,,,,,,,,,,,,,,,,,,,,,,,,,,,,,,,,,
61,61. WIFI_TX_VERIFY_ALL,Frequency: 5775, Data Rate: VHT-MCS7, Bandwidth: BW-80, Antenna: ANT_4, Tx Power: 19.5,Power               19.046 dBm          (21.0 ~ 18.0)       <-- pass,Mask Margin,Frequency           -120.000 MHz        Margin    13.918 dB  -54.115 dBr(-40.000 ~ -99.000)  <-- pass,Frequency           -118.438 MHz        Margin    9.799 dB  -52.029 dBr(-28.000 ~ -99.000)  <-- pass,Frequency           -59.414 MHz         Margin    16.115 dB  -40.864 dBr(-20.000 ~ -99.000)  <-- pass,Frequency           -40.898 MHz         Margin    18.864 dB  -37.924 dBr(0.000 ~ -99.000)  <-- pass,Frequency           40.977 MHz          Margin    16.791 dB  -35.729 dBr(0.000 ~ -99.000)  <-- pass,Frequency           76.875 MHz          Margin    14.987 dB  -42.760 dBr(-20.000 ~ -99.000)  <-- pass,Frequency           84.297 MHz          Margin    14.891 dB  -44.662 dBr(-28.000 ~ -99.000)  <-- pass,Frequency           120.000 MHz         Margin    20.605 dB  -59.523 dBr(-40.000 ~ -99.000)  <-- pass,EVM                 -39.501 dB          (-27.0 ~ -80.0)     <-- pass,Freq Error          -2.503 ppm          (20.0 ~ -20.0)      <-- pass,Spectrum Mask       0.000 %             (2.0 ~ 0.0)         <-- pass,Test time: 1.98sec,,,,,,,,,,,,,,,,,,,,,,,,,,,,,,,,,,,,,,,,,,,,,,,,,,,,,,,,,,,,,,,,,,,,,,,,,,,,,,,,,,,,,,,,,,,,,,,,,,,,,,,,,,,,,,,,,,,,,,,,,,,,,
62,62. WIFI_TX_VERIFY_ALL,Frequency: 5570, Data Rate: HE_SU-MCS11, Bandwidth: BW-160, Antenna: ANT_1, Tx Power: 18.0,Power               18.159 dBm          (19.5 ~ 16.5)       <-- pass,Mask Margin,Frequency           -240.000 MHz        Margin    16.409 dB  -53.930 dBr(-40.000 ~ -99.000)  <-- pass,Frequency           -216.006 MHz        Margin    12.442 dB  -48.092 dBr(-28.000 ~ -99.000)  <-- pass,Frequency           -80.508 MHz         Margin    11.932 dB  -33.503 dBr(-20.000 ~ -99.000)  <-- pass,Frequency           -80.479 MHz         Margin    12.847 dB  -34.327 dBr(0.000 ~ -99.000)  <-- pass,Frequency           80.479 MHz          Margin    8.521 dB  -28.477 dBr(0.000 ~ -99.000)  <-- pass,Frequency           80.508 MHz          Margin    8.685 dB  -29.008 dBr(-20.000 ~ -99.000)  <-- pass,Frequency           207.480 MHz         Margin    12.618 dB  -47.239 dBr(-28.000 ~ -99.000)  <-- pass,Frequency           240.000 MHz         Margin    16.418 dB  -55.667 dBr(-40.000 ~ -99.000)  <-- pass,EVM                 -38.096 dB          (-35.0 ~ -80.0)     <-- pass,Freq Error          -2.528 ppm          (20.0 ~ -20.0)      <-- pass,Spectrum Mask       0.000 %             (2.0 ~ 0.0)         <-- pass,Test time: 2.53sec,,,,,,,,,,,,,,,,,,,,,,,,,,,,,,,,,,,,,,,,,,,,,,,,,,,,,,,,,,,,,,,,,,,,,,,,,,,,,,,,,,,,,,,,,,,,,,,,,,,,,,,,,,,,,,,,,,,,,,,,,,,,,
63,63. WIFI_TX_VERIFY_ALL,Frequency: 5570, Data Rate: HE_SU-MCS11, Bandwidth: BW-160, Antenna: ANT_2, Tx Power: 18.0,Power               18.244 dBm          (19.5 ~ 16.5)       <-- pass,Mask Margin,Frequency           -240.000 MHz        Margin    14.929 dB  -49.580 dBr(-40.000 ~ -99.000)  <-- pass,Frequency           -212.256 MHz        Margin    12.495 dB  -46.071 dBr(-28.000 ~ -99.000)  <-- pass,Frequency           -80.508 MHz         Margin    12.464 dB  -32.006 dBr(-20.000 ~ -99.000)  <-- pass,Frequency           -80.479 MHz         Margin    13.582 dB  -32.730 dBr(0.000 ~ -99.000)  <-- pass,Frequency           80.479 MHz          Margin    9.319 dB  -28.771 dBr(0.000 ~ -99.000)  <-- pass,Frequency           80.508 MHz          Margin    9.443 dB  -29.307 dBr(-20.000 ~ -99.000)  <-- pass,Frequency           201.211 MHz         Margin    10.454 dB  -44.039 dBr(-28.000 ~ -99.000)  <-- pass,Frequency           240.000 MHz         Margin    17.230 dB  -51.987 dBr(-40.000 ~ -99.000)  <-- pass,EVM                 -38.433 dB          (-35.0 ~ -80.0)     <-- pass,Freq Error          -2.557 ppm          (20.0 ~ -20.0)      <-- pass,Spectrum Mask       0.000 %             (2.0 ~ 0.0)         <-- pass,Test time: 2.39sec,,,,,,,,,,,,,,,,,,,,,,,,,,,,,,,,,,,,,,,,,,,,,,,,,,,,,,,,,,,,,,,,,,,,,,,,,,,,,,,,,,,,,,,,,,,,,,,,,,,,,,,,,,,,,,,,,,,,,,,,,,,,,
64,64. WIFI_TX_VERIFY_ALL,Frequency: 5570, Data Rate: HE_SU-MCS11, Bandwidth: BW-160, Antenna: ANT_3, Tx Power: 18.0,Power               18.364 dBm          (19.5 ~ 16.5)       <-- pass,Mask Margin,Frequency           -240.000 MHz        Margin    17.383 dB  -52.040 dBr(-40.000 ~ -99.000)  <-- pass,Frequency           -237.568 MHz        Margin    11.669 dB  -50.694 dBr(-28.000 ~ -99.000)  <-- pass,Frequency           -80.771 MHz         Margin    11.940 dB  -33.020 dBr(-20.000 ~ -99.000)  <-- pass,Frequency           -80.479 MHz         Margin    12.906 dB  -33.867 dBr(0.000 ~ -99.000)  <-- pass,Frequency           80.479 MHz          Margin    9.226 dB  -28.431 dBr(0.000 ~ -99.000)  <-- pass,Frequency           80.508 MHz          Margin    9.346 dB  -28.976 dBr(-20.000 ~ -99.000)  <-- pass,Frequency           226.230 MHz         Margin    12.148 dB  -46.561 dBr(-28.000 ~ -99.000)  <-- pass,Frequency           240.000 MHz         Margin    17.673 dB  -54.411 dBr(-40.000 ~ -99.000)  <-- pass,EVM                 -38.110 dB          (-35.0 ~ -80.0)     <-- pass,Freq Error          -2.575 ppm          (20.0 ~ -20.0)      <-- pass,Spectrum Mask       0.000 %             (2.0 ~ 0.0)         <-- pass,Test time: 2.39sec,,,,,,,,,,,,,,,,,,,,,,,,,,,,,,,,,,,,,,,,,,,,,,,,,,,,,,,,,,,,,,,,,,,,,,,,,,,,,,,,,,,,,,,,,,,,,,,,,,,,,,,,,,,,,,,,,,,,,,,,,,,,,
65,65. WIFI_TX_VERIFY_ALL,Frequency: 5570, Data Rate: HE_SU-MCS11, Bandwidth: BW-160, Antenna: ANT_4, Tx Power: 18.0,Power               18.020 dBm          (19.5 ~ 16.5)       <-- pass,Mask Margin,Frequency           -240.000 MHz        Margin    15.926 dB  -52.091 dBr(-40.000 ~ -99.000)  <-- pass,Frequency           -237.510 MHz        Margin    12.986 dB  -54.702 dBr(-28.000 ~ -99.000)  <-- pass,Frequency           -80.508 MHz         Margin    12.019 dB  -32.869 dBr(-20.000 ~ -99.000)  <-- pass,Frequency           -80.479 MHz         Margin    13.187 dB  -33.387 dBr(0.000 ~ -99.000)  <-- pass,Frequency           80.479 MHz          Margin    8.938 dB  -28.722 dBr(0.000 ~ -99.000)  <-- pass,Frequency           80.508 MHz          Margin    8.997 dB  -29.293 dBr(-20.000 ~ -99.000)  <-- pass,Frequency           207.480 MHz         Margin    14.430 dB  -48.617 dBr(-28.000 ~ -99.000)  <-- pass,Frequency           240.000 MHz         Margin    21.892 dB  -53.021 dBr(-40.000 ~ -99.000)  <-- pass,EVM                 -38.915 dB          (-35.0 ~ -80.0)     <-- pass,Freq Error          -2.603 ppm          (20.0 ~ -20.0)      <-- pass,Spectrum Mask       0.000 %             (2.0 ~ 0.0)         <-- pass,Test time: 2.37sec,,,,,,,,,,,,,,,,,,,,,,,,,,,,,,,,,,,,,,,,,,,,,,,,,,,,,,,,,,,,,,,,,,,,,,,,,,,,,,,,,,,,,,,,,,,,,,,,,,,,,,,,,,,,,,,,,,,,,,,,,,,,,
66,66. WIFI_RX_VERIFY_PER,Frequency: 5180, Data Rate: HE_SU-MCS0, Bandwidth: BW-20, Antenna: ANT_1, Rx Power: -91.0,PER                 0.000 %             (10.0 ~ 0.0)        <-- pass,Test time: 2.53sec,,,,,,,,,,,,,,,,,,,,,,,,,,,,,,,,,,,,,,,,,,,,,,,,,,,,,,,,,,,,,,,,,,,,,,,,,,,,,,,,,,,,,,,,,,,,,,,,,,,,,,,,,,,,,,,,,,,,,,,,,,,,,,,,,,,,,,,,,
67,67. WIFI_RX_VERIFY_PER,Frequency: 5180, Data Rate: HE_SU-MCS0, Bandwidth: BW-20, Antenna: ANT_2, Rx Power: -91.0,PER                 0.000 %             (10.0 ~ 0.0)        <-- pass,Test time: 3.09sec,,,,,,,,,,,,,,,,,,,,,,,,,,,,,,,,,,,,,,,,,,,,,,,,,,,,,,,,,,,,,,,,,,,,,,,,,,,,,,,,,,,,,,,,,,,,,,,,,,,,,,,,,,,,,,,,,,,,,,,,,,,,,,,,,,,,,,,,,
68,68. WIFI_RX_VERIFY_PER,Frequency: 5180, Data Rate: HE_SU-MCS0, Bandwidth: BW-20, Antenna: ANT_3, Rx Power: -91.0,PER                 0.000 %             (10.0 ~ 0.0)        <-- pass,Test time: 3.48sec,,,,,,,,,,,,,,,,,,,,,,,,,,,,,,,,,,,,,,,,,,,,,,,,,,,,,,,,,,,,,,,,,,,,,,,,,,,,,,,,,,,,,,,,,,,,,,,,,,,,,,,,,,,,,,,,,,,,,,,,,,,,,,,,,,,,,,,,,
69,69. WIFI_RX_VERIFY_PER,Frequency: 5180, Data Rate: HE_SU-MCS0, Bandwidth: BW-20, Antenna: ANT_4, Rx Power: -91.0,PER                 0.000 %             (10.0 ~ 0.0)        <-- pass,Test time: 3.31sec,,,,,,,,,,,,,,,,,,,,,,,,,,,,,,,,,,,,,,,,,,,,,,,,,,,,,,,,,,,,,,,,,,,,,,,,,,,,,,,,,,,,,,,,,,,,,,,,,,,,,,,,,,,,,,,,,,,,,,,,,,,,,,,,,,,,,,,,,
70,70. WIFI_RX_VERIFY_PER,Frequency: 5230, Data Rate: HT_MF-MCS4, Bandwidth: BW-40, Antenna: ANT_1, Rx Power: -78.0,PER                 0.000 %             (10.0 ~ 0.0)        <-- pass,Test time: 3.16sec,,,,,,,,,,,,,,,,,,,,,,,,,,,,,,,,,,,,,,,,,,,,,,,,,,,,,,,,,,,,,,,,,,,,,,,,,,,,,,,,,,,,,,,,,,,,,,,,,,,,,,,,,,,,,,,,,,,,,,,,,,,,,,,,,,,,,,,,,
71,71. WIFI_RX_VERIFY_PER,Frequency: 5230, Data Rate: HT_MF-MCS4, Bandwidth: BW-40, Antenna: ANT_2, Rx Power: -78.0,PER                 0.000 %             (10.0 ~ 0.0)        <-- pass,Test time: 2.87sec,,,,,,,,,,,,,,,,,,,,,,,,,,,,,,,,,,,,,,,,,,,,,,,,,,,,,,,,,,,,,,,,,,,,,,,,,,,,,,,,,,,,,,,,,,,,,,,,,,,,,,,,,,,,,,,,,,,,,,,,,,,,,,,,,,,,,,,,,
72,72. WIFI_RX_VERIFY_PER,Frequency: 5230, Data Rate: HT_MF-MCS4, Bandwidth: BW-40, Antenna: ANT_3, Rx Power: -78.0,PER                 0.000 %             (10.0 ~ 0.0)        <-- pass,Test time: 2.75sec,,,,,,,,,,,,,,,,,,,,,,,,,,,,,,,,,,,,,,,,,,,,,,,,,,,,,,,,,,,,,,,,,,,,,,,,,,,,,,,,,,,,,,,,,,,,,,,,,,,,,,,,,,,,,,,,,,,,,,,,,,,,,,,,,,,,,,,,,
73,73. WIFI_RX_VERIFY_PER,Frequency: 5230, Data Rate: HT_MF-MCS4, Bandwidth: BW-40, Antenna: ANT_4, Rx Power: -78.0,PER                 0.000 %             (10.0 ~ 0.0)        <-- pass,Test time: 2.81sec,,,,,,,,,,,,,,,,,,,,,,,,,,,,,,,,,,,,,,,,,,,,,,,,,,,,,,,,,,,,,,,,,,,,,,,,,,,,,,,,,,,,,,,,,,,,,,,,,,,,,,,,,,,,,,,,,,,,,,,,,,,,,,,,,,,,,,,,,
74,74. WIFI_RX_VERIFY_PER,Frequency: 5290, Data Rate: VHT-MCS7, Bandwidth: BW-80, Antenna: ANT_1, Rx Power: -68.0,PER                 0.000 %             (10.0 ~ 0.0)        <-- pass,Test time: 2.69sec,,,,,,,,,,,,,,,,,,,,,,,,,,,,,,,,,,,,,,,,,,,,,,,,,,,,,,,,,,,,,,,,,,,,,,,,,,,,,,,,,,,,,,,,,,,,,,,,,,,,,,,,,,,,,,,,,,,,,,,,,,,,,,,,,,,,,,,,,
75,75. WIFI_RX_VERIFY_PER,Frequency: 5290, Data Rate: VHT-MCS7, Bandwidth: BW-80, Antenna: ANT_2, Rx Power: -68.0,PER                 0.000 %             (10.0 ~ 0.0)        <-- pass,Test time: 2.75sec,,,,,,,,,,,,,,,,,,,,,,,,,,,,,,,,,,,,,,,,,,,,,,,,,,,,,,,,,,,,,,,,,,,,,,,,,,,,,,,,,,,,,,,,,,,,,,,,,,,,,,,,,,,,,,,,,,,,,,,,,,,,,,,,,,,,,,,,,
76,76. WIFI_RX_VERIFY_PER,Frequency: 5290, Data Rate: VHT-MCS7, Bandwidth: BW-80, Antenna: ANT_3, Rx Power: -68.0,PER                 0.200 %             (10.0 ~ 0.0)        <-- pass,Test time: 3.00sec,,,,,,,,,,,,,,,,,,,,,,,,,,,,,,,,,,,,,,,,,,,,,,,,,,,,,,,,,,,,,,,,,,,,,,,,,,,,,,,,,,,,,,,,,,,,,,,,,,,,,,,,,,,,,,,,,,,,,,,,,,,,,,,,,,,,,,,,,
77,77. WIFI_RX_VERIFY_PER,Frequency: 5290, Data Rate: VHT-MCS7, Bandwidth: BW-80, Antenna: ANT_4, Rx Power: -68.0,PER                 0.000 %             (10.0 ~ 0.0)        <-- pass,Test time: 2.59sec,,,,,,,,,,,,,,,,,,,,,,,,,,,,,,,,,,,,,,,,,,,,,,,,,,,,,,,,,,,,,,,,,,,,,,,,,,,,,,,,,,,,,,,,,,,,,,,,,,,,,,,,,,,,,,,,,,,,,,,,,,,,,,,,,,,,,,,,,
78,78. WIFI_RX_VERIFY_PER,Frequency: 5250, Data Rate: HE_SU-MCS11, Bandwidth: BW-160, Antenna: ANT_1, Rx Power: -52.0,PER                 0.000 %             (10.0 ~ 0.0)        <-- pass,Test time: 2.87sec,,,,,,,,,,,,,,,,,,,,,,,,,,,,,,,,,,,,,,,,,,,,,,,,,,,,,,,,,,,,,,,,,,,,,,,,,,,,,,,,,,,,,,,,,,,,,,,,,,,,,,,,,,,,,,,,,,,,,,,,,,,,,,,,,,,,,,,,,
79,79. WIFI_RX_VERIFY_PER,Frequency: 5250, Data Rate: HE_SU-MCS11, Bandwidth: BW-160, Antenna: ANT_2, Rx Power: -52.0,PER                 0.000 %             (10.0 ~ 0.0)        <-- pass,Test time: 2.64sec,,,,,,,,,,,,,,,,,,,,,,,,,,,,,,,,,,,,,,,,,,,,,,,,,,,,,,,,,,,,,,,,,,,,,,,,,,,,,,,,,,,,,,,,,,,,,,,,,,,,,,,,,,,,,,,,,,,,,,,,,,,,,,,,,,,,,,,,,
80,80. WIFI_RX_VERIFY_PER,Frequency: 5250, Data Rate: HE_SU-MCS11, Bandwidth: BW-160, Antenna: ANT_3, Rx Power: -52.0,PER                 0.000 %             (10.0 ~ 0.0)        <-- pass,Test time: 2.77sec,,,,,,,,,,,,,,,,,,,,,,,,,,,,,,,,,,,,,,,,,,,,,,,,,,,,,,,,,,,,,,,,,,,,,,,,,,,,,,,,,,,,,,,,,,,,,,,,,,,,,,,,,,,,,,,,,,,,,,,,,,,,,,,,,,,,,,,,,
81,81. WIFI_RX_VERIFY_PER,Frequency: 5250, Data Rate: HE_SU-MCS11, Bandwidth: BW-160, Antenna: ANT_4, Rx Power: -52.0,PER                 0.000 %             (10.0 ~ 0.0)        <-- pass,Test time: 1.78sec,,,,,,,,,,,,,,,,,,,,,,,,,,,,,,,,,,,,,,,,,,,,,,,,,,,,,,,,,,,,,,,,,,,,,,,,,,,,,,,,,,,,,,,,,,,,,,,,,,,,,,,,,,,,,,,,,,,,,,,,,,,,,,,,,,,,,,,,,
82,82. WIFI_RX_VERIFY_PER,Frequency: 5500, Data Rate: HE_SU-MCS0, Bandwidth: BW-20, Antenna: ANT_1, Rx Power: -91.0,PER                 0.000 %             (10.0 ~ 0.0)        <-- pass,Test time: 2.55sec,,,,,,,,,,,,,,,,,,,,,,,,,,,,,,,,,,,,,,,,,,,,,,,,,,,,,,,,,,,,,,,,,,,,,,,,,,,,,,,,,,,,,,,,,,,,,,,,,,,,,,,,,,,,,,,,,,,,,,,,,,,,,,,,,,,,,,,,,
83,83. WIFI_RX_VERIFY_PER,Frequency: 5500, Data Rate: HE_SU-MCS0, Bandwidth: BW-20, Antenna: ANT_2, Rx Power: -91.0,PER                 0.000 %             (10.0 ~ 0.0)        <-- pass,Test time: 2.31sec,,,,,,,,,,,,,,,,,,,,,,,,,,,,,,,,,,,,,,,,,,,,,,,,,,,,,,,,,,,,,,,,,,,,,,,,,,,,,,,,,,,,,,,,,,,,,,,,,,,,,,,,,,,,,,,,,,,,,,,,,,,,,,,,,,,,,,,,,
84,84. WIFI_RX_VERIFY_PER,Frequency: 5500, Data Rate: HE_SU-MCS0, Bandwidth: BW-20, Antenna: ANT_3, Rx Power: -91.0,PER                 0.200 %             (10.0 ~ 0.0)        <-- pass,Test time: 2.31sec,,,,,,,,,,,,,,,,,,,,,,,,,,,,,,,,,,,,,,,,,,,,,,,,,,,,,,,,,,,,,,,,,,,,,,,,,,,,,,,,,,,,,,,,,,,,,,,,,,,,,,,,,,,,,,,,,,,,,,,,,,,,,,,,,,,,,,,,,
85,85. WIFI_RX_VERIFY_PER,Frequency: 5500, Data Rate: HE_SU-MCS0, Bandwidth: BW-20, Antenna: ANT_4, Rx Power: -91.0,PER                 0.000 %             (10.0 ~ 0.0)        <-- pass,Test time: 2.31sec,,,,,,,,,,,,,,,,,,,,,,,,,,,,,,,,,,,,,,,,,,,,,,,,,,,,,,,,,,,,,,,,,,,,,,,,,,,,,,,,,,,,,,,,,,,,,,,,,,,,,,,,,,,,,,,,,,,,,,,,,,,,,,,,,,,,,,,,,
86,86. WIFI_RX_VERIFY_PER,Frequency: 5590, Data Rate: HT_MF-MCS4, Bandwidth: BW-40, Antenna: ANT_1, Rx Power: -78.0,PER                 0.000 %             (10.0 ~ 0.0)        <-- pass,Test time: 1.97sec,,,,,,,,,,,,,,,,,,,,,,,,,,,,,,,,,,,,,,,,,,,,,,,,,,,,,,,,,,,,,,,,,,,,,,,,,,,,,,,,,,,,,,,,,,,,,,,,,,,,,,,,,,,,,,,,,,,,,,,,,,,,,,,,,,,,,,,,,
87,87. WIFI_RX_VERIFY_PER,Frequency: 5590, Data Rate: HT_MF-MCS4, Bandwidth: BW-40, Antenna: ANT_2, Rx Power: -78.0,PER                 0.000 %             (10.0 ~ 0.0)        <-- pass,Test time: 1.83sec,,,,,,,,,,,,,,,,,,,,,,,,,,,,,,,,,,,,,,,,,,,,,,,,,,,,,,,,,,,,,,,,,,,,,,,,,,,,,,,,,,,,,,,,,,,,,,,,,,,,,,,,,,,,,,,,,,,,,,,,,,,,,,,,,,,,,,,,,
88,88. WIFI_RX_VERIFY_PER,Frequency: 5590, Data Rate: HT_MF-MCS4, Bandwidth: BW-40, Antenna: ANT_3, Rx Power: -78.0,PER                 0.000 %             (10.0 ~ 0.0)        <-- pass,Test time: 1.81sec,,,,,,,,,,,,,,,,,,,,,,,,,,,,,,,,,,,,,,,,,,,,,,,,,,,,,,,,,,,,,,,,,,,,,,,,,,,,,,,,,,,,,,,,,,,,,,,,,,,,,,,,,,,,,,,,,,,,,,,,,,,,,,,,,,,,,,,,,
89,89. WIFI_RX_VERIFY_PER,Frequency: 5590, Data Rate: HT_MF-MCS4, Bandwidth: BW-40, Antenna: ANT_4, Rx Power: -78.0,PER                 0.000 %             (10.0 ~ 0.0)        <-- pass,Test time: 1.80sec,,,,,,,,,,,,,,,,,,,,,,,,,,,,,,,,,,,,,,,,,,,,,,,,,,,,,,,,,,,,,,,,,,,,,,,,,,,,,,,,,,,,,,,,,,,,,,,,,,,,,,,,,,,,,,,,,,,,,,,,,,,,,,,,,,,,,,,,,
90,90. WIFI_RX_VERIFY_PER,Frequency: 5775, Data Rate: VHT-MCS7, Bandwidth: BW-80, Antenna: ANT_1, Rx Power: -68.0,PER                 0.000 %             (10.0 ~ 0.0)        <-- pass,Test time: 1.92sec,,,,,,,,,,,,,,,,,,,,,,,,,,,,,,,,,,,,,,,,,,,,,,,,,,,,,,,,,,,,,,,,,,,,,,,,,,,,,,,,,,,,,,,,,,,,,,,,,,,,,,,,,,,,,,,,,,,,,,,,,,,,,,,,,,,,,,,,,
91,91. WIFI_RX_VERIFY_PER,Frequency: 5775, Data Rate: VHT-MCS7, Bandwidth: BW-80, Antenna: ANT_2, Rx Power: -68.0,PER                 0.200 %             (10.0 ~ 0.0)        <-- pass,Test time: 1.80sec,,,,,,,,,,,,,,,,,,,,,,,,,,,,,,,,,,,,,,,,,,,,,,,,,,,,,,,,,,,,,,,,,,,,,,,,,,,,,,,,,,,,,,,,,,,,,,,,,,,,,,,,,,,,,,,,,,,,,,,,,,,,,,,,,,,,,,,,,
92,92. WIFI_RX_VERIFY_PER,Frequency: 5775, Data Rate: VHT-MCS7, Bandwidth: BW-80, Antenna: ANT_3, Rx Power: -68.0,PER                 0.000 %             (10.0 ~ 0.0)        <-- pass,Test time: 1.78sec,,,,,,,,,,,,,,,,,,,,,,,,,,,,,,,,,,,,,,,,,,,,,,,,,,,,,,,,,,,,,,,,,,,,,,,,,,,,,,,,,,,,,,,,,,,,,,,,,,,,,,,,,,,,,,,,,,,,,,,,,,,,,,,,,,,,,,,,,
93,93. WIFI_RX_VERIFY_PER,Frequency: 5775, Data Rate: VHT-MCS7, Bandwidth: BW-80, Antenna: ANT_4, Rx Power: -68.0,PER                 0.000 %             (10.0 ~ 0.0)        <-- pass,Test time: 1.80sec,,,,,,,,,,,,,,,,,,,,,,,,,,,,,,,,,,,,,,,,,,,,,,,,,,,,,,,,,,,,,,,,,,,,,,,,,,,,,,,,,,,,,,,,,,,,,,,,,,,,,,,,,,,,,,,,,,,,,,,,,,,,,,,,,,,,,,,,,
94,94. WIFI_RX_VERIFY_PER,Frequency: 5570, Data Rate: HE_SU-MCS11, Bandwidth: BW-160, Antenna: ANT_1, Rx Power: -52.0,PER                 0.000 %             (10.0 ~ 0.0)        <-- pass,Test time: 1.87sec,,,,,,,,,,,,,,,,,,,,,,,,,,,,,,,,,,,,,,,,,,,,,,,,,,,,,,,,,,,,,,,,,,,,,,,,,,,,,,,,,,,,,,,,,,,,,,,,,,,,,,,,,,,,,,,,,,,,,,,,,,,,,,,,,,,,,,,,,
95,95. WIFI_RX_VERIFY_PER,Frequency: 5570, Data Rate: HE_SU-MCS11, Bandwidth: BW-160, Antenna: ANT_2, Rx Power: -52.0,PER                 0.000 %             (10.0 ~ 0.0)        <-- pass,Test time: 1.78sec,,,,,,,,,,,,,,,,,,,,,,,,,,,,,,,,,,,,,,,,,,,,,,,,,,,,,,,,,,,,,,,,,,,,,,,,,,,,,,,,,,,,,,,,,,,,,,,,,,,,,,,,,,,,,,,,,,,,,,,,,,,,,,,,,,,,,,,,,
96,96. WIFI_RX_VERIFY_PER,Frequency: 5570, Data Rate: HE_SU-MCS11, Bandwidth: BW-160, Antenna: ANT_3, Rx Power: -52.0,PER                 0.000 %             (10.0 ~ 0.0)        <-- pass,Test time: 1.77sec,,,,,,,,,,,,,,,,,,,,,,,,,,,,,,,,,,,,,,,,,,,,,,,,,,,,,,,,,,,,,,,,,,,,,,,,,,,,,,,,,,,,,,,,,,,,,,,,,,,,,,,,,,,,,,,,,,,,,,,,,,,,,,,,,,,,,,,,,
97,97. WIFI_RX_VERIFY_PER,Frequency: 5570, Data Rate: HE_SU-MCS11, Bandwidth: BW-160, Antenna: ANT_4, Rx Power: -52.0,PER                 0.000 %             (10.0 ~ 0.0)        <-- pass,Test time: 1.77sec,,,,,,,,,,,,,,,,,,,,,,,,,,,,,,,,,,,,,,,,,,,,,,,,,,,,,,,,,,,,,,,,,,,,,,,,,,,,,,,,,,,,,,,,,,,,,,,,,,,,,,,,,,,,,,,,,,,,,,,,,,,,,,,,,,,,,,,,,
98,98. WIFI_RX_VERIFY_PER,Frequency: 5230, Data Rate: HT_MF-MCS4, Bandwidth: BW-40, Antenna: ANT_1, Rx Power: -35.0,PER                 0.000 %             (10.0 ~ 0.0)        <-- pass,Test time: 1.97sec,,,,,,,,,,,,,,,,,,,,,,,,,,,,,,,,,,,,,,,,,,,,,,,,,,,,,,,,,,,,,,,,,,,,,,,,,,,,,,,,,,,,,,,,,,,,,,,,,,,,,,,,,,,,,,,,,,,,,,,,,,,,,,,,,,,,,,,,,
99,99. WIFI_RX_VERIFY_PER,Frequency: 5230, Data Rate: HT_MF-MCS4, Bandwidth: BW-40, Antenna: ANT_2, Rx Power: -35.0,PER                 0.000 %             (10.0 ~ 0.0)        <-- pass,Test time: 1.83sec,,,,,,,,,,,,,,,,,,,,,,,,,,,,,,,,,,,,,,,,,,,,,,,,,,,,,,,,,,,,,,,,,,,,,,,,,,,,,,,,,,,,,,,,,,,,,,,,,,,,,,,,,,,,,,,,,,,,,,,,,,,,,,,,,,,,,,,,,
100,100. WIFI_RX_VERIFY_PER,Frequency: 5230, Data Rate: HT_MF-MCS4, Bandwidth: BW-40, Antenna: ANT_3, Rx Power: -35.0,PER                 0.000 %             (10.0 ~ 0.0)        <-- pass,Test time: 1.81sec,,,,,,,,,,,,,,,,,,,,,,,,,,,,,,,,,,,,,,,,,,,,,,,,,,,,,,,,,,,,,,,,,,,,,,,,,,,,,,,,,,,,,,,,,,,,,,,,,,,,,,,,,,,,,,,,,,,,,,,,,,,,,,,,,,,,,,,,,
101,101. WIFI_RX_VERIFY_PER,Frequency: 5230, Data Rate: HT_MF-MCS4, Bandwidth: BW-40, Antenna: ANT_4, Rx Power: -35.0,PER                 0.000 %             (10.0 ~ 0.0)        <-- pass,Test time: 1.81sec,,,,,,,,,,,,,,,,,,,,,,,,,,,,,,,,,,,,,,,,,,,,,,,,,,,,,,,,,,,,,,,,,,,,,,,,,,,,,,,,,,,,,,,,,,,,,,,,,,,,,,,,,,,,,,,,,,,,,,,,,,,,,,,,,,,,,,,,,
102,102. WIFI_RX_VERIFY_PER,Frequency: 5500, Data Rate: HE_SU-MCS0, Bandwidth: BW-20, Antenna: ANT_1, Rx Power: -35.0,PER                 0.000 %             (10.0 ~ 0.0)        <-- pass,Test time: 2.53sec,,,,,,,,,,,,,,,,,,,,,,,,,,,,,,,,,,,,,,,,,,,,,,,,,,,,,,,,,,,,,,,,,,,,,,,,,,,,,,,,,,,,,,,,,,,,,,,,,,,,,,,,,,,,,,,,,,,,,,,,,,,,,,,,,,,,,,,,,
103,103. WIFI_RX_VERIFY_PER,Frequency: 5500, Data Rate: HE_SU-MCS0, Bandwidth: BW-20, Antenna: ANT_2, Rx Power: -35.0,PER                 0.000 %             (10.0 ~ 0.0)        <-- pass,Test time: 2.31sec,,,,,,,,,,,,,,,,,,,,,,,,,,,,,,,,,,,,,,,,,,,,,,,,,,,,,,,,,,,,,,,,,,,,,,,,,,,,,,,,,,,,,,,,,,,,,,,,,,,,,,,,,,,,,,,,,,,,,,,,,,,,,,,,,,,,,,,,,
104,104. WIFI_RX_VERIFY_PER,Frequency: 5500, Data Rate: HE_SU-MCS0, Bandwidth: BW-20, Antenna: ANT_3, Rx Power: -35.0,PER                 0.000 %             (10.0 ~ 0.0)        <-- pass,Test time: 2.33sec,,,,,,,,,,,,,,,,,,,,,,,,,,,,,,,,,,,,,,,,,,,,,,,,,,,,,,,,,,,,,,,,,,,,,,,,,,,,,,,,,,,,,,,,,,,,,,,,,,,,,,,,,,,,,,,,,,,,,,,,,,,,,,,,,,,,,,,,,
105,105. WIFI_RX_VERIFY_PER,Frequency: 5500, Data Rate: HE_SU-MCS0, Bandwidth: BW-20, Antenna: ANT_4, Rx Power: -35.0,PER                 0.000 %             (10.0 ~ 0.0)        <-- pass,Test time: 2.33sec,,,,,,,,,,,,,,,,,,,,,,,,,,,,,,,,,,,,,,,,,,,,,,,,,,,,,,,,,,,,,,,,,,,,,,,,,,,,,,,,,,,,,,,,,,,,,,,,,,,,,,,,,,,,,,,,,,,,,,,,,,,,,,,,,,,,,,,,,
106,106. WIFI_IMPLICIT_BEAMFORMING_CAL_VER,Tx Frequency: 5200, Data Rate: VHT-MCS0, Bandwidth: BW-20, Antenna: ANT_1234, Tx Power: 10.0,Rx Frequency: 5200, Data Rate: VHT-MCS0, Bandwidth: BW-20, Antenna: ANT_1234, Rx Power: -55.0,rPcal: 0x6046,rPcal_core3: 0x00ee,TxBF Cal            0.000               (0.0 ~ 0.0)         <-- pass,Rx Frequency: 5200, Data Rate: VHT-MCS0, Bandwidth: BW-20, Antenna: ANT_1234, Rx Power: -55.0,Tx Frequency: 5200, Data Rate: VHT-MCS0, Bandwidth: BW-20, Antenna: ANT_1234, Tx Power: 10.0,Power Diff          6.877 dBm           (15.0 ~ 4.0)        <-- pass,Test time: 8.11sec,,,,,,,,,,,,,,,,,,,,,,,,,,,,,,,,,,,,,,,,,,,,,,,,,,,,,,,,,,,,,,,,,,,,,,,,,,,,,,,,,,,,,,,,,,,,,,,,,,,,,,,,,,,,,,,,,,,,,,,
107,107. WIFI_IMPLICIT_BEAMFORMING_CAL_VER,Tx Frequency: 5300, Data Rate: VHT-MCS0, Bandwidth: BW-20, Antenna: ANT_1234, Tx Power: 10.0,Rx Frequency: 5300, Data Rate: VHT-MCS0, Bandwidth: BW-20, Antenna: ANT_1234, Rx Power: -55.0,rPcal: 0x4f3c,rPcal_core3: 0x00d7,TxBF Cal            0.000               (0.0 ~ 0.0)         <-- pass,Rx Frequency: 5300, Data Rate: VHT-MCS0, Bandwidth: BW-20, Antenna: ANT_1234, Rx Power: -55.0,Tx Frequency: 5300, Data Rate: VHT-MCS0, Bandwidth: BW-20, Antenna: ANT_1234, Tx Power: 10.0,Power Diff          6.900 dBm           (15.0 ~ 4.0)        <-- pass,Test time: 8.20sec,,,,,,,,,,,,,,,,,,,,,,,,,,,,,,,,,,,,,,,,,,,,,,,,,,,,,,,,,,,,,,,,,,,,,,,,,,,,,,,,,,,,,,,,,,,,,,,,,,,,,,,,,,,,,,,,,,,,,,,
108,108. WIFI_IMPLICIT_BEAMFORMING_CAL_VER,Tx Frequency: 5600, Data Rate: VHT-MCS0, Bandwidth: BW-20, Antenna: ANT_1234, Tx Power: 10.0,Rx Frequency: 5600, Data Rate: VHT-MCS0, Bandwidth: BW-20, Antenna: ANT_1234, Rx Power: -55.0,rPcal: 0x2d23,rPcal_core3: 0x00b3,TxBF Cal            0.000               (0.0 ~ 0.0)         <-- pass,Rx Frequency: 5600, Data Rate: VHT-MCS0, Bandwidth: BW-20, Antenna: ANT_1234, Rx Power: -55.0,Tx Frequency: 5600, Data Rate: VHT-MCS0, Bandwidth: BW-20, Antenna: ANT_1234, Tx Power: 10.0,Power Diff          6.903 dBm           (15.0 ~ 4.0)        <-- pass,Test time: 8.14sec,,,,,,,,,,,,,,,,,,,,,,,,,,,,,,,,,,,,,,,,,,,,,,,,,,,,,,,,,,,,,,,,,,,,,,,,,,,,,,,,,,,,,,,,,,,,,,,,,,,,,,,,,,,,,,,,,,,,,,,
109,109. WIFI_IMPLICIT_BEAMFORMING_CAL_VER,Tx Frequency: 5785, Data Rate: VHT-MCS0, Bandwidth: BW-20, Antenna: ANT_1234, Tx Power: 10.0,Rx Frequency: 5785, Data Rate: VHT-MCS0, Bandwidth: BW-20, Antenna: ANT_1234, Rx Power: -55.0,rPcal: 0x1011,rPcal_core3: 0x00a5,TxBF Cal            0.000               (0.0 ~ 0.0)         <-- pass,Rx Frequency: 5785, Data Rate: VHT-MCS0, Bandwidth: BW-20, Antenna: ANT_1234, Rx Power: -55.0,Tx Frequency: 5785, Data Rate: VHT-MCS0, Bandwidth: BW-20, Antenna: ANT_1234, Tx Power: 10.0,Power Diff          6.441 dBm           (15.0 ~ 4.0)        <-- pass,Test time: 8.19sec,,,,,,,,,,,,,,,,,,,,,,,,,,,,,,,,,,,,,,,,,,,,,,,,,,,,,,,,,,,,,,,,,,,,,,,,,,,,,,,,,,,,,,,,,,,,,,,,,,,,,,,,,,,,,,,,,,,,,,,
110,110. ATC_WRITE_EEPROM,Write data to DUT done!,Test time: 0.86sec,,,,,,,,,,,,,,,,,,,,,,,,,,,,,,,,,,,,,,,,,,,,,,,,,,,,,,,,,,,,,,,,,,,,,,,,,,,,,,,,,,,,,,,,,,,,,,,,,,,,,,,,,,,,,,,,,,,,,,,,,,,,,,,,,,,,,,,,,,,,,,
111,111. ATC_REMOVE_DUT,Remove DUT (Technology: WIFI),Test time: 0.02sec,*****************,**** P A S S ****,*****************,End:,,2022/11/16 14:50:16,Test Time:  00:07:31.9,,,,,,,,,,,,,,,,,,,,,,,,,,,,,,,,,,,,,,,,,,,,,,,,,,,,,,,,,,,,,,,,,,,,,,,,,,,,,,,,,,,,,,,,,,,,,,,,,,,,,,,,,,,,,,,,,,,,,,,,,,,,,,,,,,,,,,,
